        Email,Address,Avatar,Time on App,Time on Website,Length of Membership,Yearly Amount Spent,Total Purchases,Discounts,Customer_id,Date,Tier_Membership,Time Revisited,Demographics,Location,Feedback/Ratings,Category_Liked,Gender
mstephenson@fernandez.com,"835 Frank TunnelWrightmouth, MI 82180-9605",Violet,12.66,39.58,4.08,587.95,542.87,10.23,1312378,2021-08-15,Regular,12,32,Mumbai,4.8,Multiplayer Horror,Male
hduke@hotmail.com,"4547 Archer CommonDiazchester, CA 06566-8576",DarkGreen,11.11,37.27,2.66,392.2,328.56,5.75,2318467,2021-05-23,Medium,35,24,Chennai,3.9,Mystery & Detective,Female
pallen@yahoo.com,"24645 Valerie Unions Suite 582Cobbborough, DC 99414-7564",Bisque,11.33,37.11,4.1,487.55,219.44,15.89,3498756,2021-10-07,Regular,8,18,Pune,4.5,Open World,Male
riverarebecca@gmail.com,"1414 David ThroughwayPort Jason, OH 22070-1220",SaddleBrown,13.72,36.72,3.12,581.85,689.12,8.12,4823691,2023-03-19,Medium,21,40,Delhi,4.2,Sci-Fi & Cyberpunk,Female
mstephens@davidson-herman.com,"14023 Rodriguez PassagePort Jacobville, PR 37242-1057",MediumAquaMarine,12.8,37.54,4.45,599.41,475.66,12.45,5951832,2022-09-30,Regular,49,31,Kalyan,4.6,Space,Male
alvareznancy@lucas.biz,"645 Martha Park Apt. 611Jeffreychester, MN 67218-7250",FloralWhite,12.03,34.48,5.49,637.1,112.3,6.78,6439285,2022-02-14,Regular,4,22,Mumbai,3.7,Survival,Male
katherine20@yahoo.com,"68388 Reyes Lights Suite 692Josephbury, WV 92213-0247",DarkSlateBlue,11.37,36.68,4.69,521.57,925.88,9.34,7185246,2023-07-08,Free Trial,16,19,Pune,4.9,Free to Play,Female
awatkins@yahoo.com,Unit 6538 Box 8980DPO AP 09026-4941,Aqua,12.35,37.37,4.43,549.9,648.21,13.56,8146321,2022-07-01,Medium,42,28,Chennai,3.5,Battle Royale,Male
vchurch@walter-martinez.com,"860 Lee KeyWest Debra, SD 97450-0495",Salmon,13.39,37.53,3.27,570.2,387.79,7.89,9467135,2021-12-10,Regular,30,37,Delhi,4.4,Building & Automation,Female
bonnie69@lin.biz,"PSC 2734, Box 5255APO AA 98456-7482",Brown,11.81,37.15,3.2,427.2,572.13,11.23,1056834,2023-05-28,Free Trial,2,23,Mumbai,4.7,Third-Person Shooter,Female
andrew06@peterson.com,"26104 Alexander GrovesAlexandriaport, WY 28244-9149",Tomato,13.34,37.23,2.48,492.61,283.47,4.56,2234876,2022-03-05,Medium,46,35,Kalyan,3.8,First-Person Shooter,Female
ryanwerner@freeman.biz,Unit 2413 Box 0347DPO AA 07580-2652,Tomato,11.58,37.09,3.71,522.34,840.55,14.67,3521479,2022-11-21,Regular,14,30,Pune,4.1,Strategy,Male
knelson@gmail.com,"6705 Miller Orchard Suite 186Lake Shanestad, MO 75696-5051",RoyalBlue,10.96,37.42,4.05,408.64,162.76,6.45,4953286,2023-02-02,Regular,37,29,Delhi,4.3,Puzzle,Female
wrightpeter@yahoo.com,"05302 Dunlap FerryNew Stephaniehaven, MP 42268",Bisque,12.96,36.14,3.92,573.42,743.99,9.12,6021345,2022-06-17,Medium,3,20,Chennai,3.6,Story-Rich,Male
taylormason@gmail.com,"7773 Powell Springs Suite 190Samanthaland, ND 44358",DarkBlue,13.15,36.62,2.49,470.45,597.32,3.78,6639487,2022-01-26,Regular,27,43,Mumbai,4.8,Singleplayer,Female
jstark@anderson.com,"49558 Ramirez Road Suite 399Phillipstad, OH 35641-3238",Peru,12.64,36.21,3.36,461.78,431.68,12.34,7225138,2021-09-12,Regular,19,17,Pune,4,Multiplayer Horror,Male
wjennings@gmail.com,"6362 Wilson MountainJohnsonfurt, GA 15169",PowderBlue,11.73,34.89,3.14,457.85,215.37,8.67,8334589,2022-12-05,Regular,7,33,Kalyan,4.5,Mystery & Detective,Male
rebecca45@hale-bauer.biz,"8982 Burton RowWilsonton, PW 88606",OliveDrab,12.01,38.39,2.42,407.7,392.45,5.89,9546270,2022-08-22,Regular,1,25,Chennai,4.2,Open World,Female
alejandro75@hotmail.com,"64475 Andre Club Apt. 795Port Dannytown, PW 63227",Cyan,14.72,38.24,1.52,452.32,719.64,11.78,1085237,2023-10-16,Medium,28,42,Delhi,3.9,Sci-Fi & Cyberpunk,Male
samuel46@love-west.net,"544 Alexander Heights Suite 768North Johnview, MT 57912",LightSeaGreen,13.99,37.19,4.06,605.06,820.37,4.23,2305421,2023-09-11,Free Trial,11,27,Mumbai,4.6,Space,Female
megan33@gmail.com,"84426 Julia VistaNorth Teresa, KY 50756",PeachPuff,11.37,37.61,4.6,534.71,346.91,13.45,3679813,2021-07-04,Medium,5,34,Pune,3.7,Survival,Male
agolden@yahoo.com,"PSC 2490, Box 2120APO AE 15445-2876",Black,12.88,37.44,1.56,419.94,632.15,7.56,4992847,2021-04-19,Medium,31,21,Chennai,4.9,Free to Play,Male
vstafford@hotmail.com,"PSC 5723, Box 8159APO AA 74738",Olive,13.38,38.73,2.25,436.52,279.5,10.67,6167324,2021-02-27,Regular,44,44,Kalyan,3.5,Battle Royale,Female
denise22@hernandez-townsend.com,USNS CardenasFPO AA 85439-9449,Silver,11.66,36.77,3.92,519.34,514.2,5.34,6743820,2022-05-09,Regular,24,36,Delhi,4.4,Building & Automation,Male
youngbarbara@yahoo.com,"019 Elliott Tunnel Suite 190Nicholsbury, WV 60804-4440",Wheat,12.89,37.64,5.71,700.92,176.8,14.12,7423658,2021-08-29,Regular,38,26,Mumbai,4.7,Third-Person Shooter,Female
william25@mcconnell.com,"9495 Mary Fall Apt. 777Glassport, ND 17957-5596",Teal,11.77,37.74,2.72,423.18,925.27,6.23,8482970,2023-04-25,Medium,17,45,Pune,3.8,First-Person Shooter,Female
ijones@schaefer-carr.net,"657 Judith CrossroadHancockchester, VI 75658-5788",Linen,12.78,36.43,4.65,619.9,683.99,12.89,9723847,2022-10-29,Regular,6,38,Chennai,4.1,Strategy,Female
heatherhall@yahoo.com,"8522 Regina Port Suite 782Port Kaitlin, TX 50501-7264",MediumSlateBlue,13.01,37.85,3,486.84,239.08,7.12,1109856,2022-04-11,Regular,40,16,Kalyan,4.3,Puzzle,Male
tinasmith@martinez.info,"40000 Ann Port Suite 474Youngberg, MS 03651",LemonChiffon,11.98,35.29,3.92,529.54,389.15,10.45,2413857,2021-01-06,Free Trial,25,39,Delhi,3.6,Story-Rich,Female
chasejennifer@hotmail.com,"9507 Robert Prairie Apt. 601East Crystalview, SC 56814",DarkOrchid,11.97,37.28,4.74,554.72,562.46,4.89,3786951,2023-01-20,Medium,48,41,Mumbai,4.8,Singleplayer,Male
jenniferbarnett@gmail.com,"0772 Michael Isle Suite 617Meyerstown, WA 45449-6768",SeaGreen,12.31,36.16,3.06,497.59,978.23,13.23,5139274,2021-03-14,Medium,20,46,Pune,4,Multiplayer Horror,Female
jared39@hotmail.com,"739 David Isle Suite 818Chandlertown, DC 34587",SteelBlue,10.87,35.62,3.47,447.69,121.45,6.67,6297582,2023-08-04,Regular,9,47,Chennai,4.5,Mystery & Detective,Male
briancarlson@page-fleming.com,USCGC GillFPO AA 26496,DarkMagenta,13.39,35.69,4.34,588.71,765.14,9.56,6882460,2021-06-02,Regular,0,50,Delhi,4.2,Open World,Male
joshuaodom@gmail.com,"5277 Patel BrookEast Audrey, NJ 19075",DarkGoldenRod,13.1,38.88,2.82,491.07,312.78,3.45,7654927,2022-12-22,Medium,33,49,Kalyan,3.9,Sci-Fi & Cyberpunk,Female
vickie90@lee-wilson.com,"9135 Rodriguez DamRamirezberg, MS 77223",DarkSeaGreen,11.63,35.37,4.12,507.44,659.29,11.56,8604950,2022-03-20,Medium,47,52,Mumbai,4.6,Space,Male
duane56@hotmail.com,"24373 Mcgee Drive Apt. 990New Mariahaven, NH 14470",Gainsboro,11.94,38.77,3.65,521.88,498.75,5.12,9865432,2023-06-11,Regular,10,48,Chennai,3.7,Survival,Female
enash@gmail.com,"997 Campbell Flat Suite 970East Amanda, PW 22048",HotPink,11.76,36.77,1.85,347.78,826.39,8.34,1132479,2023-01-31,Regular,36,53,Pune,4.9,Free to Play,Male
sandraharrison@bailey-gordon.net,"7835 Rogers RoadsEast Amberhaven, MI 70835-2286",LightSeaGreen,11.98,37.04,3.45,490.74,172.53,2.67,2536092,2022-11-09,Regular,15,51,Delhi,3.5,Battle Royale,Male
cunninghamwilliam@hotmail.com,"4589 Dan FordsBeasleyburgh, ME 96590-8272",HoneyDew,9.95,37.39,4.65,478.17,953.84,10.12,3964156,2022-02-27,Regular,26,54,Kalyan,4.4,Building & Automation,Female
teresaallen@hill-leach.info,"1958 Robert Bridge Apt. 250Malloryland, ID 03393-5336",WhiteSmoke,12.49,36.37,4.22,537.85,415.92,4.34,5279643,2021-11-17,Regular,45,55,Mumbai,4.7,Third-Person Shooter,Male
rhonda96@little.org,"2977 Perez RowLake Jack, TN 45336-9436",GhostWhite,11.73,37.53,4.67,532.75,285.62,7.45,6467543,2021-09-25,Medium,23,56,Pune,3.8,First-Person Shooter,Female
lisacabrera@yahoo.com,"9801 Thomas Pike Suite 058Brandishire, AK 88122-1314",DarkSlateBlue,10.63,37.5,4.65,501.87,614.77,2.23,7032456,2022-08-11,Regular,41,57,Chennai,4.1,Strategy,Female
jasonrichardson@elliott.com,"18372 Matthew Fork Suite 705North Matthewmouth, KY 99737",Chocolate,12.51,37.14,4.21,591.2,793.21,9.78,7864582,2022-04-30,Medium,34,59,Delhi,4.3,Puzzle,Female
hoovernicole@dorsey.net,"69403 Hernandez KnollsMarciashire, DE 36417-5667",HoneyDew,11.53,36.89,4.64,547.24,340.56,3.12,8714324,2023-02-15,Medium,29,58,Kalyan,3.6,Story-Rich,Male
christopher20@gmail.com,USNV FullerFPO AE 32122-5711,Snow,13.41,36.11,2.26,448.23,217.86,6.12,1002634,2021-05-10,Medium,13,61,Mumbai,4.8,Singleplayer,Female
brianwilson@yahoo.com,"448 Stewart DivideNew Ashleyfort, FM 84050",BurlyWood,12.17,39.13,3.66,549.86,128.42,1.56,1154978,2022-06-28,Premium,50,60,Pune,4,Multiplayer Horror,Male
gonzaleskatie@gmail.com,"70129 Darrell SpringThomasmouth, HI 39319-2739",Moccasin,13.15,37.34,3.88,593.92,897.53,8.78,2657481,2021-03-31,Medium,22,62,Chennai,4.5,Mystery & Detective,Female
lsmith@chung.com,"412 Jackson RiverKleinburgh, KS 52039-7404",BlueViolet,12.99,36.46,4.11,563.67,743.67,2.12,4089321,2023-05-05,Medium,39,64,Delhi,4.2,Open World,Male
dongarcia@hotmail.com,"546 Benjamin Lights Suite 421Romerofurt, NC 43746-4501",MediumBlue,11.86,36.58,3.2,479.73,598.98,5.67,5412345,2022-01-16,Medium,32,63,Kalyan,3.9,Sci-Fi & Cyberpunk,Male
kimberly46@garcia-nelson.biz,"4066 Gonzalez Dam Apt. 277West Jessica, TN 36880",GreenYellow,11.4,36.59,3.2,416.36,456.19,1.12,6638594,2022-09-05,Medium,18,65,Mumbai,4.6,Space,Female
william82@gmail.com,"11143 Park SquaresSamanthatown, UT 97073",SandyBrown,13.86,37.78,5.98,725.58,152.76,7.23,7158923,2023-10-26,Regular,43,66,Chennai,3.7,Survival,Male
brenda82@maldonado-gonzalez.net,"645 Elizabeth PassWilliamview, MS 51544",MediumVioletRed,10.96,37.27,2.95,442.67,964.32,2.89,8043746,2022-07-20,Free Trial,2,68,Pune,4.9,Free to Play,Female
josephgould@west.info,"861 Annette Stream Suite 771North Miguel, CA 33824-1610",DarkBlue,10.32,37.45,2.09,384.63,311.75,4.45,8823849,2022-11-03,Regular,28,67,Delhi,3.5,Battle Royale,Male
wbrady@yahoo.com,"044 Riggs ExpresswayLake Stevenchester, AL 22283",SandyBrown,9.98,35.93,3.86,451.46,619.34,0.78,1019234,2021-12-27,Regular,16,70,Kalyan,4.4,Building & Automation,Male
smithtracey@mcgee.com,"PSC 4508, Box 7961APO AA 55271-2375",DarkOliveGreen,12.65,38.47,2.87,522.4,869.43,6.78,1205867,2023-09-30,Regular,45,69,Mumbai,4.7,Third-Person Shooter,Female
amberchase@fowler.info,"1867 Gregory Isle Suite 022Port Tammy, LA 52305-9696",GreenYellow,11.59,35.25,3.39,483.67,238.05,2.45,2764391,2021-07-20,Regular,38,72,Chennai,3.8,First-Person Shooter,Male
gregoryholmes@hotmail.com,"2891 Martin Plain Suite 197Melaniestad, NE 65650-8529",DarkSalmon,13.76,39.25,3,520.9,572.8,3.67,4219823,2022-05-23,Regular,9,71,Pune,4.1,Strategy,Female
jeffreydawson@gmail.com,"9944 Trevor ExpresswayRobinsonstad, OR 34630-1840",DarkSeaGreen,10.57,36.17,3.32,453.17,196.11,0.23,5542893,2021-04-07,Premium,21,73,Delhi,4.3,Puzzle,Female
rjohns@gmail.com,"264 Derek Dam Apt. 680West Danielle, SD 91517-8611",DeepPink,11.83,36.81,3.47,496.65,915.75,5.45,6783421,2023-03-11,Regular,8,75,Kalyan,3.6,Story-Rich,Female
john85@martin-morgan.com,USNV ReeseFPO AA 73568-0730,Olive,12.06,37.27,3.97,547.37,722.43,1.78,7338562,2022-10-12,Regular,49,74,Mumbai,4.8,Singleplayer,Male
vcoleman@yahoo.com,"7761 Hughes Curve Apt. 880Rodriguezberg, MN 96206-5317",SkyBlue,12.5,38.05,4.64,616.85,374.27,3.23,8174935,2023-04-14,Regular,5,16,Pune,4,Multiplayer Horror,Female
floresarthur@yahoo.com,"12612 Johnson Skyway Suite 764Jessicaville, CT 14968-6590",Magenta,9.61,36.49,5.08,507.21,592.14,0.12,8976342,2021-02-19,Regular,1,17,Chennai,4.5,Mystery & Detective,Male
ryan36@gmail.com,"5379 Rhonda Prairie Apt. 696Brownland, WA 87027",DarkTurquoise,13.73,38,4.8,613.6,165.02,4.12,1042598,2022-12-19,Regular,31,18,Delhi,4.2,Open World,Female
chris67@ryan.biz,"716 Bush Greens Apt. 098Trevorton, MA 17817-8000",Silver,11.67,37.41,3.41,483.16,739.67,1.34,1252987,2023-08-30,Medium,27,19,Kalyan,3.9,Sci-Fi & Cyberpunk,Male
katie25@gmail.com,"6861 Lopez Fork Apt. 114South Jamiechester, DE 63993",SpringGreen,13.28,36.6,3.46,540.26,529.9,2.12,2871342,2021-06-23,Regular,11,20,Mumbai,4.6,Space,Male
kyang@diaz.org,"223 Love Trail Suite 831Port Jeffrey, IN 46849",OliveDrab,15.13,37.16,5.38,765.52,981.56,0.67,4347892,2022-03-30,Regular,47,21,Chennai,3.7,Survival,Female
tadams@contreras.info,"049 Matthew TerraceLake Matthew, MS 20210",Aqua,12.7,35.36,4,553.6,362.18,3.56,5698471,2023-01-05,Medium,14,22,Pune,4.9,Free to Play,Male
craigcastro@burgess.com,"65407 Warner Forges Suite 071New Lori, AZ 30132-2395",OrangeRed,11.84,36.38,3.44,469.31,829.47,1.12,6912350,2023-07-22,Medium,3,23,Delhi,3.5,Battle Royale,Female
ellen24@anthony.com,"PSC 3408, Box 3353APO AE 05113-1257",LimeGreen,11.31,37.68,2.78,408.62,217.11,2.56,7524136,2022-08-04,Free Trial,46,24,Kalyan,4.4,Building & Automation,Male
davisrobert@hicks-smith.com,"95967 Pitts BurgsWest Sarah, MH 27817-5147",SkyBlue,11.19,40.01,3.55,451.58,185.28,125,8285734,2021-10-26,Medium,30,25,Mumbai,4.7,Third-Person Shooter,Male
walkerlaura@peterson-yates.com,"89154 Jones Stream Suite 311East Katie, NC 72742-1516",LightGreen,11.89,36.27,2.6,444.97,670.55,3.12,9153928,2021-08-01,Medium,0,26,Pune,3.8,First-Person Shooter,Female
marc54@hotmail.com,Unit 6174 Box 1949DPO AP 27478,SandyBrown,12.23,36.16,4.69,595.82,452.71,0.56,1078625,2022-04-21,Medium,37,27,Chennai,4.1,Strategy,Male
gregoryrussell@yahoo.com,"55436 Devon PlainWest Kendraberg, HI 18826-3623",Teal,10.67,38.01,3.4,418.15,931.45,1.67,1293756,2022-01-09,Regular,25,28,Delhi,4.3,Puzzle,Female
williamsjohnny@ferguson.info,"51920 Kent Junctions Apt. 352Walkerport, NY 11257-6647",LightYellow,12.82,37.03,3.85,534.78,195.39,0.45,2996745,2022-06-06,Regular,24,29,Kalyan,3.6,Story-Rich,Female
haydenrebecca@gmail.com,"10022 Wilson Orchard Suite 107Harrisstad, MH 99272",MintCream,13.59,38.26,3.26,578.24,841.28,2.23,4487645,2023-06-22,Medium,48,30,Mumbai,4.8,Singleplayer,Female
langmatthew@hotmail.com,"606 Perez DrivesMaryside, CO 94387-5877",DimGray,12.24,38.73,3.12,478.72,329.67,1.89,5863427,2022-02-06,Regular,7,31,Pune,4,Multiplayer Horror,Male
david43@richards.com,"967 Andrew SpursMathistown, CO 28230",Indigo,11.55,36.63,2.84,444.29,503.69,0.45,7032564,2021-11-04,Medium,19,32,Chennai,4.5,Mystery & Detective,Female
paulkemp@yahoo.com,"PSC 9698, Box 5466APO AE 75496-3580",LightSalmon,11.43,35.89,4.47,544.78,247.53,2.78,7663215,2021-09-19,Medium,6,33,Delhi,4.2,Open World,Male
fbryant@gmail.com,"284 Jennifer CurveLake Hollyberg, IN 05228",GreenYellow,10.89,38.21,4.44,488.79,746.88,1.56,8436521,2022-07-15,Regular,35,34,Kalyan,3.9,Sci-Fi & Cyberpunk,Female
kimberlyfrederick@gmail.com,"71299 Jessica ShoalsEast Mark, IA 48085-1070",DeepSkyBlue,11.93,36.91,3.16,475.76,594.27,0.89,9345726,2022-03-11,Regular,12,35,Mumbai,4.6,Space,Male
sharon82@saunders.info,"873 Clay Flats Apt. 810Lake Kyle, GU 48782",DarkGreen,12.6,39.6,3.75,489.81,129.41,1.12,1113528,2023-05-11,Medium,40,36,Pune,3.7,Survival,Male
fishermichael@ramos.com,"565 Duarte Keys Suite 293Traceytown, IN 17797",LimeGreen,10.95,35.88,3.16,462.9,918.71,0.23,1336950,2022-09-19,Premium,4,37,Chennai,4.9,Free to Play,Female
ilawson@hotmail.com,"19018 Christopher Neck Apt. 963Mcintoshchester, IA 66908-2456",DarkGoldenRod,13.9,37.06,4.13,596.43,372.59,1.34,3124787,2023-03-29,Medium,22,38,Delhi,3.5,Battle Royale,Male
shafferdaniel@murphy-harris.info,USCGC ThomasFPO AP 43708-2468,Turquoise,10.88,37.78,1.91,338.32,206.4,0.67,4667432,2021-05-30,Regular,17,39,Kalyan,4.4,Building & Automation,Female
stevenanderson@yahoo.com,"5401 Holt Corner Apt. 195Hannahstad, NC 86693-3595",LightGreen,10.34,36.16,4.4,533.51,519.76,89,6057893,2023-11-10,Regular,33,40,Mumbai,4.7,Third-Person Shooter,Male
richard16@boyer-pratt.com,"4568 Jeffrey Lane Apt. 512South Jason, WV 78116-0966",LightSteelBlue,11.63,36.18,5.11,536.77,387.88,1.23,7154723,2023-10-02,Regular,44,41,Chennai,3.8,First-Person Shooter,Male
hyoung@jones.info,"73469 Baker Forest Apt. 550Allenbury, TX 63791",Cornsilk,12.52,37.15,2.67,487.38,912.99,0.56,7796562,2021-12-15,Regular,26,42,Pune,4.1,Strategy,Female
erik46@hotmail.com,"20711 Martin Harbors Apt. 582New Justinborough, AK 40834-2664",LemonChiffon,10.61,36.82,3.37,473.73,741.65,0.78,8613298,2021-04-29,Medium,10,43,Delhi,4.3,Puzzle,Male
rojasmichael@wagner-thomas.com,"7602 Scott Plaza Apt. 158Lake Amberland, VI 10516-3276",DarkKhaki,12.83,36.95,4.57,547.13,586.73,0.34,9574735,2022-10-02,Medium,23,44,Kalyan,3.6,Story-Rich,Female
lance88@briggs.com,"16001 Wilkins Island Suite 852Jonathanfort, AL 88541-7817",FireBrick,12.07,36.11,3.92,505.11,425.29,0.89,1149264,2022-05-17,Medium,34,45,Mumbai,4.8,Singleplayer,Female
anthony09@hotmail.com,"5118 Madden Views Apt. 738North Barryport, AS 28731-2270",LightSeaGreen,12.53,37.88,2.48,449.07,253.82,0.45,1371589,2023-02-27,Medium,13,46,Pune,4,Multiplayer Horror,Female
audreyjohnson@rosales.com,USCGC NicholsonFPO AE 43987-0470,SlateGray,13.52,36.77,4.13,611,793.74,0.23,3245690,2023-07-29,Regular,18,47,Chennai,4.5,Mystery & Detective,Male
beth76@yahoo.com,"4522 Paul Heights Suite 851Adamsland, RI 08981",Crimson,11.66,36.05,4,515.83,657.15,0.67,4785410,2022-11-27,Medium,50,48,Delhi,4.2,Open World,Female
larrywest@davis.com,"21918 Gail GlensBarbershire, SD 45790-8387",MidnightBlue,13.66,37.72,1.36,439.07,932.91,0.56,6224825,2023-09-04,Free Trial,41,49,Kalyan,3.9,Sci-Fi & Cyberpunk,Male
raylopez@hotmail.com,"3600 Amber Plains Suite 002North Jamesburgh, VA 07917",DarkGoldenRod,11.83,36.63,4.19,514.09,126.29,69,7283495,2021-02-14,Medium,42,50,Mumbai,4.6,Space,Female
middletonrenee@gmail.com,"71757 David Freeway Apt. 851West Carriefurt, NC 27106-3364",DarkCyan,13.29,38.63,3.87,543.34,843.51,0.45,7905762,2021-08-25,Medium,15,51,Pune,3.7,Survival,Male
grichardson@ryan.info,"79139 Boone CommonStewartstad, DE 63633-1812",SteelBlue,11.94,38.06,4.08,521.14,378.77,56,8786543,2022-04-05,Regular,32,52,Chennai,4.9,Free to Play,Male
esmith@gmail.com,USS JohnsonFPO AE 35617-5384,OldLace,13.35,37.83,4.25,614.72,204.19,0.23,9817361,2022-01-01,Regular,20,53,Delhi,3.5,Battle Royale,Female
michael53@munoz.com,USNS MitchellFPO AP 92946,MediumBlue,12.02,39.07,3.91,507.39,519.66,0.56,1183789,2023-06-30,Regular,43,54,Kalyan,4.4,Building & Automation,Male
jacqueline46@mcdonald-smith.biz,"3794 Michael Forest Apt. 750New Stephenberg, MD 61004-0181",Gray,12.08,35.89,3.02,495.3,643.78,0.12,1418653,2022-08-25,Regular,36,55,Mumbai,4.7,Third-Person Shooter,Female
briannasantana@gmail.com,"88978 Noble CrestNorth Rosemouth, FM 53484-6689",LightPink,13.41,35.99,3.18,518.06,295.17,0.34,3402857,2021-06-09,Medium,29,56,Chennai,3.8,First-Person Shooter,Male
mark52@yahoo.com,"82227 Farmer Throughway Suite 266Leeborough, WV 35324",BlanchedAlmond,11.28,37.39,2.88,390.1,652.36,0.23,4885934,2022-12-29,Medium,39,57,Pune,4.1,Strategy,Male
acampbell@sanchez-velasquez.info,"5791 Jessica CoveMckinneyborough, OK 64460-7536",Wheat,11.45,37.58,2.59,420.74,563.46,422,6406932,2022-03-25,Regular,2,58,Delhi,4.3,Puzzle,Female
qgarcia@williams.com,"465 Kenneth Common Apt. 192North Tracy, WI 36024-8978",Aqua,12.6,36.26,2.97,492.11,241.89,0.23,7432912,2021-10-19,Regular,45,59,Kalyan,3.6,Story-Rich,Male
jenniferking@hess.net,"06939 Jones NeckMariaview, VT 87641",BlueViolet,10.99,38.07,3.43,410.07,793.25,0.12,8043298,2021-03-07,Premium,47,60,Mumbai,4.8,Singleplayer,Female
taylor91@hotmail.com,"3132 Willie HarborKaylafurt, FL 01107",CadetBlue,13.09,35.85,2.93,497.51,658.18,0.12,8912367,2023-05-20,Regular,0,61,Chennai,4,Multiplayer Horror,Female
afry@ford.biz,"399 Jeremy Skyway Suite 377North Keithville, IL 55074",PaleTurquoise,12.19,36.15,3.78,494.55,927.17,0.23,1005621,2023-01-10,Regular,28,62,Pune,4.5,Mystery & Detective,Female
amandadean@gmail.com,"66880 Mckinney HillsMatthewchester, MH 88386",DimGray,10.72,37.71,3,378.33,170.19,0.12,1224615,2022-06-13,Medium,9,63,Delhi,4.2,Open World,Male
brenda68@hotmail.com,"0377 Reed Via Apt. 169Alexandershire, MO 43498",Moccasin,12.93,38.17,3.85,570.45,948.86,0.23,1469357,2022-07-25,Regular,37,64,Kalyan,3.9,Sci-Fi & Cyberpunk,Female
bakerdrew@gmail.com,"39637 Griffin Plain Suite 691New Deborahview, MP 73870-3773",Chartreuse,13.45,38.5,3.32,549.01,426.49,0.12,3557642,2023-04-03,Regular,5,65,Mumbai,4.6,Space,Male
connorlambert@yahoo.com,"931 Andrews HeightsSouth Shelley, NV 21850",Khaki,12.15,37.33,3.36,459.29,764.24,0.23,4987456,2021-09-07,Medium,8,66,Pune,3.7,Survival,Female
tknapp@yahoo.com,"15810 Karl PlainDavidville, TX 64072",MediumSpringGreen,12.18,37.72,3.72,492.95,579.99,0.12,6573825,2022-09-12,Medium,33,67,Chennai,4.9,Free to Play,Male
garcialisa@yahoo.com,"46079 Gonzalez LoafWilliamside, PA 72265",LemonChiffon,11.01,38.42,3.54,424.76,302.89,0.23,7534832,2022-02-19,Medium,3,68,Delhi,3.5,Battle Royale,Male
josephallen@hotmail.com,"3144 Jamie RestMaxwellville, NC 93749-1190",PeachPuff,11.6,37.31,2.79,422.43,612.43,31,8173498,2023-11-23,Medium,10,69,Kalyan,4.4,Building & Automation,Female
hailey18@yahoo.com,"08079 Thompson VillageNorth Lukeborough, AL 16825",Lime,12.73,35.6,5.49,642.1,452.58,0.23,9092350,2023-08-17,Regular,46,70,Mumbai,4.7,Third-Person Shooter,Male
whess@hotmail.com,"29282 Alexander StreetSouth Andrewmouth, MS 22041",Tomato,11.22,37.69,2.59,413.37,319.11,0.12,1025783,2021-05-01,Medium,16,71,Chennai,3.8,First-Person Shooter,Female
josesims@hunter.com,"8830 Debra Loaf Apt. 341Drakeville, ME 22340",SlateBlue,12.01,36.7,2.75,479.23,781.14,0.23,1259873,2022-10-16,Regular,14,72,Pune,4.1,Strategy,Male
dtaylor@webb.com,"18219 Jackson WellFosterton, MP 85302",Orange,11.73,36,5,593.08,648.49,0.12,1524256,2021-11-30,Regular,25,73,Delhi,4.3,Puzzle,Male
briangonzales@gmail.com,"572 Michelle Motorway Apt. 889New Craig, ND 17250",Fuchsia,12.09,38.31,3.87,506.55,918.16,0.23,3665987,2023-03-07,Regular,21,74,Kalyan,3.6,Story-Rich,Female
jared99@yahoo.com,"PSC 0811, Box 7054APO AA 91691",GoldenRod,13.07,37.54,3.8,571.31,255.69,12,5123840,2022-04-16,Medium,41,75,Mumbai,4.8,Singleplayer,Male
qchristian@martinez-allen.com,"26737 Brooks RoadsVincentstad, VA 93089",GreenYellow,12.85,35.01,3.29,576.31,915.78,0.23,6707894,2021-07-27,Medium,6,16,Pune,4,Multiplayer Horror,Female
ngarcia@donaldson.info,"662 Wells Stravenue Apt. 578South Kristaview, DC 49423-2452",ForestGreen,11.56,37.67,4.72,576.8,397.86,0.12,7642392,2022-05-30,Regular,19,17,Chennai,4.5,Mystery & Detective,Female
scastillo@hotmail.com,"0922 Gutierrez LoafWattsbury, OH 96315",Moccasin,11.11,37.39,4.02,514.24,654.37,0.23,8281986,2021-12-05,Medium,12,18,Delhi,4.2,Open World,Female
joshua56@garcia.com,"38154 Davis LocksLake Stevenfort, KY 86814-9222",Indigo,12.81,36.55,3.64,495.18,315.81,0.12,9228390,2022-01-23,Free Trial,31,19,Kalyan,3.9,Sci-Fi & Cyberpunk,Male
richard81@day.org,"7955 Samantha Walk Suite 230North Luis, IL 44629",SlateBlue,11.76,37.57,3.83,514.34,979.79,0.23,1047835,2023-06-04,Medium,38,20,Mumbai,4.6,Space,Female
jessica97@hotmail.com,"32202 Curtis Branch Apt. 411Port Brettmouth, KY 01192-0594",Cyan,12.58,37.09,4.53,541.23,241.99,0.12,1297542,2023-10-06,Regular,35,21,Pune,3.7,Survival,Male
angelaphillips@gmail.com,"102 Karen CourtNew Jameston, SC 57761-6570",MintCream,11.96,36.63,4.11,516.83,849.31,0.23,1577693,2021-02-09,Regular,30,22,Chennai,4.9,Free to Play,Female
donald67@harrison.com,"9759 Tammy Skyway Apt. 171Lake Debra, AS 95011",Lime,10.65,37.15,3.22,468.45,497.61,0.12,3729510,2022-08-18,Regular,1,23,Delhi,3.5,Battle Royale,Male
zmalone@yahoo.com,"PSC 6717, Box 7673APO AE 66950-0088",Moccasin,12.75,36.71,3.28,548.28,297.16,0.23,5253674,2023-07-13,Regular,48,24,Kalyan,4.4,Building & Automation,Male
rlindsey@norris.com,"581 Smith Prairie Suite 995Andersontown, AS 58802",Green,11.54,37.53,2.92,431.62,632.31,0.12,6825123,2022-11-15,Medium,4,25,Mumbai,4.7,Third-Person Shooter,Female
lewisgabrielle@hotmail.com,"422 Rivers Springs Suite 221North Barbara, WI 51990-7596",LightSkyBlue,11.92,37.25,3.91,552.94,137.57,0.23,7756540,2023-04-20,Regular,24,26,Pune,3.8,First-Person Shooter,Male
kristina69@gmail.com,"2859 Rodriguez ForksPort Josephtown, OH 13591-3011",BlueViolet,12.42,38.95,4.92,573.31,924.28,0.12,8396283,2021-04-10,Medium,22,27,Chennai,4.1,Strategy,Female
krista86@norton.net,"0537 Rice VillageWest Kylieberg, NJ 19433-5090",Azure,11.81,37.41,2.47,452.63,580.98,0.23,9384501,2021-08-04,Regular,44,28,Delhi,4.3,Puzzle,Male
chelsea05@hansen.com,"7182 Stephen Fork Suite 150Port Laurachester, CO 99974-1961",LightGray,12.76,36.6,4.13,542.71,241.52,0.12,1064257,2023-01-14,Medium,7,29,Kalyan,3.6,Story-Rich,Male
jill33@allen.com,"459 Amy BurgLake Travis, OR 53314",DarkCyan,11.85,37.42,1.77,407.8,698.24,0.23,1332687,2022-07-09,Medium,11,30,Mumbai,4.8,Singleplayer,Female
welchashlee@hotmail.com,"PSC 8159, Box 3254APO AP 71071-4890",GreenYellow,12.7,36.1,2.72,482.35,459.73,0.69,1628743,2022-03-14,Medium,49,31,Pune,4,Multiplayer Horror,Male
dawnlewis@watkins.org,"623 Erica FlatLake Josephland, MT 73514",Crimson,12.22,36.59,3.9,529.23,829.62,0.23,3802410,2022-09-25,Regular,17,32,Chennai,4.5,Mystery & Detective,Female
ashleychristopher@gmail.com,"9271 Christopher PrairieDouglasshire, NM 18581",MediumOrchid,11.28,36.49,2.49,433.05,343.76,0.12,5371947,2023-02-08,Medium,15,33,Delhi,4.2,Open World,Female
acontreras@hotmail.com,"88995 Edwards Row Suite 456North Jo, DE 02062-7953",Sienna,10.74,37.46,3.86,476.19,587.13,0.23,6943250,2021-09-30,Regular,34,34,Kalyan,3.9,Sci-Fi & Cyberpunk,Female
alvaradoadam@jones-thompson.com,"35970 Holly KeyPort Frank, VT 78059-9385",Aquamarine,10.96,37.33,3.58,440,954.12,0.12,7885687,2021-03-24,Medium,27,35,Mumbai,4.6,Space,Male
thomasgeorge@gonzalez-grant.com,"93306 Donald GreensNew Christopherbury, SC 59447",FloralWhite,11.74,36.6,3.96,448.93,380.68,0.23,8504503,2022-01-30,Free Trial,18,36,Pune,3.7,Survival,Female
solischristina@gmail.com,"43102 Russo View Suite 717Hollyport, SC 15344",SlateBlue,12.42,35.98,3.25,472.99,968.27,0.12,9516842,2023-11-01,Regular,23,37,Chennai,4.9,Free to Play,Male
jacksonboone@rubio.com,"973 Marc PortsBrownstad, IN 48786-6700",Sienna,10.54,35.73,3.91,463.92,488.71,0.23,1089753,2023-05-29,Regular,50,38,Delhi,3.5,Battle Royale,Female
kaitlyn78@chang.com,"978 Bean SquareDeanburgh, OR 95149",LimeGreen,11.92,39.29,1.44,350.06,758.22,0.12,1367583,2022-12-12,Medium,20,39,Kalyan,4.4,Building & Automation,Male
francisgeorge@thomas.org,"27563 Vincent LakeAllenchester, DC 22159",Teal,11.91,38.27,2.91,460.06,504.86,0.23,1670563,2023-08-11,Regular,40,40,Mumbai,4.7,Third-Person Shooter,Male
linda90@yoder.org,"979 Alison Motorway Apt. 676North Frank, HI 55870-2651",WhiteSmoke,12.49,36.52,3.35,505.77,925.85,0.12,3925467,2022-05-06,Medium,32,41,Chennai,3.8,First-Person Shooter,Female
david79@lopez-montes.com,"969 William ManorWest Sherry, MA 66282-2258",Purple,12.38,37.23,3.09,463.48,406.67,0.23,5496782,2021-06-16,Medium,43,42,Pune,4.1,Strategy,Male
micheleblanchard@lopez-greene.com,"555 Hunt Track Suite 307South Kristi, PA 73709",SlateGray,10.48,37.34,4.51,479.73,157.21,0.12,7074981,2022-04-29,Regular,26,43,Delhi,4.3,Puzzle,Female
pmercado@rodriguez.com,"811 Maria RunSanchezville, MI 04953",LightPink,12.3,36.95,1.83,424.19,809.77,0.23,8023482,2021-11-13,Medium,2,44,Kalyan,3.6,Story-Rich,Male
james30@carter.biz,"3604 Richard Junctions Suite 448Brownburgh, CO 64856-8238",LimeGreen,10.86,36.58,3.99,465.89,346.89,0.12,8659437,2022-10-09,Medium,46,45,Mumbai,4.8,Singleplayer,Male
parkerkayla@miles.com,"170 Andrew MewsNorth Susan, NM 85338-2426",DarkSlateBlue,10.72,38.31,2.65,426.78,243.84,0.23,9648750,2023-03-31,Regular,0,46,Chennai,4,Multiplayer Horror,Female
alicia85@lee.com,"14220 Carla Flat Suite 521Lake Matthew, DE 06183",DimGray,12.39,37.43,6.4,684.16,687.74,0.12,1111952,2021-05-15,Regular,19,47,Pune,4.5,Mystery & Detective,Male
dominguezjacob@hotmail.com,"8594 Erica Manors Apt. 529Lake Miguel, MH 10652-9266",CornflowerBlue,10.98,37.4,5.39,555.89,537.26,0.23,1415275,2022-07-03,Premium,28,48,Delhi,4.2,Open World,Female
ebrown@osborne.com,"4291 Nichols Fork Apt. 562Thomaschester, SC 08938-8769",DarkSlateGray,12.97,36.97,6.08,657.02,393.29,0.12,1724756,2023-07-18,Medium,14,49,Kalyan,3.9,Sci-Fi & Cyberpunk,Female
nathan86@hotmail.com,"748 Michael PlazaWest Billyside, UT 20799",MidnightBlue,12.05,36.96,3.86,595.8,780.74,0.23,4019348,2022-02-02,Medium,10,50,Mumbai,4.6,Space,Female
aaron11@luna.com,"672 Jesus Roads Apt. 443Thompsonland, WY 69228",LightSkyBlue,13.46,37.24,2.94,503.98,150.89,0.12,5613489,2021-08-10,Medium,6,51,Chennai,3.7,Survival,Male
fsnow@ellis.com,"0272 Jones WayLake Angela, MP 97003-5793",MediumBlue,12.44,37.33,5.08,586.16,741.57,0.23,7227840,2021-12-20,Premium,33,52,Pune,4.9,Free to Play,Female
asilva@yahoo.com,USNV JohnsonFPO AP 19026,Wheat,12.21,33.91,6.92,744.22,425.89,0.12,8163920,2022-09-05,Regular,48,53,Delhi,3.5,Battle Royale,Male
casey21@johnson.com,"691 Johnson Field Apt. 510Michaelville, VI 78140",SpringGreen,11.59,39.09,3.6,512.83,593.75,0.23,8809523,2023-10-26,Medium,12,54,Kalyan,4.4,Building & Automation,Female
campbellross@yahoo.com,"6218 Michael Station Apt. 982Salazarburgh, NJ 79955",DarkRed,11.38,38.3,3.78,528.22,270.45,66,9787546,2022-07-20,Regular,9,55,Mumbai,4.7,Third-Person Shooter,Male
blevinseric@stephens.com,"PSC 3676, Box 1549APO AE 26130-7683",Orange,12.36,38.04,3.31,468.91,950.37,0.23,1133982,2022-11-03,Medium,41,56,Pune,3.8,First-Person Shooter,Male
stevenking@patterson.com,"94730 Martin MountNew Matthew, VI 08142-6708",LightGray,12.4,35.01,0.97,357.59,389.17,98,1465873,2021-12-27,Medium,3,57,Chennai,4.1,Strategy,Female
samuel94@hotmail.com,"5480 Vazquez Crossing Suite 825East Christopherland, PA 42104",DarkViolet,12.54,38.31,3.77,536.42,634.99,0.23,1775467,2023-09-30,Medium,5,58,Delhi,4.3,Puzzle,Male
johnsonpaul@keller-woodard.org,USCGC DodsonFPO AA 87781-3935,LimeGreen,13.28,36.94,3.59,490.21,275.84,0.12,4132845,2021-07-20,Regular,45,59,Kalyan,3.6,Story-Rich,Female
twilliams@gibbs.net,Unit 6678 Box 6628DPO AP 44369,CadetBlue,11.8,37.66,4.52,550.05,980.76,0.23,5746823,2022-05-23,Medium,16,60,Mumbai,4.8,Singleplayer,Male
teresapacheco@salinas.biz,"75805 Larry MillsEast Cristian, MH 53820",DarkMagenta,12.72,37.66,3.68,513.45,253.62,0.12,7374891,2021-04-07,Free Trial,37,61,Chennai,4,Multiplayer Horror,Male
allison80@carson-hansen.com,"04311 Oconnor Park Apt. 415Kelleystad, ND 63064-8935",ForestGreen,12.04,38.92,2.87,497.81,914.24,0.23,8296345,2023-03-11,Medium,30,62,Pune,4.5,Mystery & Detective,Female
turnerryan@hotmail.com,"770 Lewis Pike Apt. 869Phelpsport, PA 93969-4887",LightSkyBlue,12.47,35.04,4.06,578.99,693.21,0.12,8967123,2022-10-12,Medium,7,63,Delhi,4.2,Open World,Male
walkererica@scott.com,"86536 Barnes TrackSouth Kyle, MT 21570-5606",MediumAquaMarine,13.16,36.41,3.02,506.54,478.79,0,9923542,2023-04-14,Medium,47,64,Kalyan,3.9,Sci-Fi & Cyberpunk,Female
mark94@yahoo.com,"586 Timothy Union Suite 592East Joseph, MO 81374",Salmon,11.05,37.63,4.72,501.75,241.17,10.23,1152963,2021-02-19,Medium,25,65,Mumbai,4.6,Space,Female
daniellecuevas@hotmail.com,"9287 Daniel Rest Apt. 608Allentown, SD 73050",LavenderBlush,10.64,37.58,2.93,421.97,819.43,5.75,1517482,2022-12-19,Regular,22,66,Pune,3.7,Survival,Female
gbarnes@gmail.com,"8667 Suzanne Motorway Suite 241Spencechester, KY 74385-4618",Green,13.44,36.88,2.36,439.89,681.79,15.89,1825643,2023-08-30,Regular,39,67,Chennai,4.9,Free to Play,Male
cody68@hotmail.com,"374 Dana JunctionsLangside, WI 36474",SpringGreen,13.28,35.91,4.97,666.13,439.42,8.12,4259831,2021-06-23,Medium,38,68,Delhi,3.5,Battle Royale,Female
fischermonica@gmail.com,"9847 Michael Plaza Suite 837Lake Christophershire, NV 87324-8427",Navy,11.75,36.94,0.8,298.76,128.59,12.45,5874950,2022-03-30,Regular,21,69,Kalyan,4.4,Building & Automation,Male
brenda25@gmail.com,"353 Jones Loaf Apt. 767South Michaelburgh, PR 16281-4840",OliveDrab,10.86,38.84,3.67,465.18,775.14,6.78,7523469,2023-01-05,Medium,1,70,Mumbai,4.7,Third-Person Shooter,Female
david58@yahoo.com,"6058 Thomas DivideMatthewland, PA 89442-8198",LightSalmon,11.69,37.48,1.72,373.89,576.12,9.34,8437261,2023-07-22,Medium,24,71,Pune,3.8,First-Person Shooter,Male
clifford76@johnson.com,"8032 Hodge Circle Apt. 255Lake Jessicashire, OR 54914",RosyBrown,11.55,38.58,4.77,532.72,342.89,13.56,9124750,2022-08-04,Medium,29,72,Chennai,4.1,Strategy,Male
jacquelinehughes@bennett-branch.info,"601 Ashley Loop Suite 162Port Benjaminview, DE 02456",DeepPink,11.72,36.81,4.09,554.9,976.46,7.89,1009247,2021-10-26,Medium,8,73,Delhi,4.3,Puzzle,Female
victoria53@hotmail.com,"16329 Sara Neck Apt. 463Bryanside, TX 62329",Pink,12.18,35.67,4.13,537.77,109.34,11.23,1174923,2021-08-01,Premium,31,74,Kalyan,3.6,Story-Rich,Male
cunninghamkyle@ellis-parker.org,"449 Williamson Lakes Apt. 118Travisville, AK 06848-0177",LightGreen,12.32,37.82,3.44,501.1,964.78,4.56,1569374,2022-04-21,Medium,34,75,Mumbai,4.8,Singleplayer,Female
jjones@yahoo.com,"047 Carla LocksCoreymouth, AR 98066",GreenYellow,11.08,37.96,4.72,517.17,491.25,14.67,1884927,2022-01-09,Regular,50,32,Pune,4,Multiplayer Horror,Male
michaelferguson@torres-miles.net,"757 Amber Gateway Apt. 787New Stephaniechester, OR 61576-6056",Sienna,13.18,38.86,3.23,557.53,861.28,6.45,4375910,2022-06-06,Medium,13,24,Chennai,4.5,Mystery & Detective,Male
crawforderik@price.org,"5183 Michael RampEast Lukeburgh, FL 93972",DarkKhaki,12.83,37.68,2.97,493.72,321.66,9.12,6012349,2023-06-22,Regular,36,18,Delhi,4.2,Open World,Female
jlawson@mccarthy.com,"0127 Morgan Fields Apt. 080Thompsonfurt, ME 01160-7043",LightGray,11.51,37.25,3.18,452.12,602.13,3.78,7649843,2022-02-06,Medium,18,40,Kalyan,3.9,Sci-Fi & Cyberpunk,Male
marshchristopher@zimmerman-villegas.com,"667 Stephanie Lake Apt. 658Marthashire, NC 11815-2307",DarkRed,11.86,36.09,4.81,577.27,125.24,12.34,8564790,2021-11-04,Regular,42,31,Mumbai,4.6,Space,Female
oolson@collins.com,"07867 Horn LakeWest Teresatown, VT 64387-1228",Aqua,12.29,37.06,3.62,485.92,806.92,8.67,9287435,2021-09-19,Regular,11,22,Chennai,3.7,Survival,Female
isaiahcampbell@yahoo.com,"55414 Ramirez Union Apt. 614West Crystal, CA 03845-2631",Red,10.93,36.55,3.26,425.75,492.61,5.89,1027843,2022-07-15,Medium,4,19,Pune,4.9,Free to Play,Female
kcannon@alvarez-cline.info,"55479 Peters Field Apt. 702North Micheleberg, PR 45063",Lavender,13.33,37.96,3.6,537.22,287.95,11.78,1218395,2022-03-11,Medium,26,28,Delhi,3.5,Battle Royale,Male
nielsencarmen@harrell.net,"2491 Yates Crest Suite 316Connieville, FL 92080-0819",DeepPink,10.9,36.09,4.79,524.64,793.42,4.23,1614387,2023-05-11,Medium,40,37,Kalyan,4.4,Building & Automation,Female
efreeman@moore.com,"223 Powell RidgesEast Richardtown, RI 90715-2178",White,12.28,38.23,3.32,478.89,385.42,13.45,1946850,2022-09-19,Regular,17,23,Mumbai,4.7,Third-Person Shooter,Male
roblessarah@hotmail.com,"022 Taylor Mews Suite 692Hallberg, NJ 53614",MediumSeaGreen,12.04,37.64,4.63,612.39,728.59,7.56,4487321,2023-03-29,Regular,43,35,Pune,3.8,First-Person Shooter,Female
christopherhaas@gmail.com,"56674 Melanie FlatsSchneiderberg, IN 66532",MediumPurple,11.72,37.15,3.31,476.77,172.84,10.67,6154892,2021-05-30,Medium,2,30,Chennai,4.1,Strategy,Male
ethomas@yahoo.com,"1279 Douglas MountainsPort Christopherberg, RI 32811-8325",LightGreen,11.2,35.49,4.02,505.12,963.24,5.34,7778496,2023-11-10,Medium,16,29,Delhi,4.3,Puzzle,Male
wevans@gmail.com,"222 Jason ParkDominguezshire, NC 98241",Tan,13.38,36.34,4.37,545.95,349.45,14.12,8692567,2023-10-02,Free Trial,45,20,Kalyan,3.6,Story-Rich,Female
patrickorr@yahoo.com,"6009 Heather ParkHowardhaven, SD 51705-2993",LawnGreen,11.39,37.91,2.57,434.02,912.67,6.23,9438645,2021-12-15,Medium,5,43,Mumbai,4.8,Singleplayer,Male
mary84@edwards.com,"19123 Craig Isle Apt. 719Millsmouth, SC 94194",LightSkyBlue,10.77,37.28,3.52,424.68,149.95,12.89,1049675,2021-04-29,Premium,27,17,Chennai,4,Multiplayer Horror,Female
longwilliam@gmail.com,"16068 Kelly ParksWrightside, NH 21447",BurlyWood,11.82,37.1,1.5,352.55,832.34,7.12,1257382,2022-10-02,Regular,49,33,Pune,4.5,Mystery & Detective,Male
lisagutierrez@johnson-herring.net,"89300 Amber Centers Apt. 879Victoriaton, VT 98394",Peru,13.81,37.43,5.04,662.96,501.19,10.45,1657382,2022-05-17,Regular,7,25,Delhi,4.2,Open World,Male
david81@hotmail.com,"1576 Lane ShoalRogerton, PR 63867-3426",Thistle,11.66,37.28,4.48,560.56,226.53,4.89,1992365,2023-02-27,Medium,3,42,Kalyan,3.9,Sci-Fi & Cyberpunk,Female
jacksonking@mccormick.com,"120 Micheal Fort Apt. 762East Patrickbury, WY 65946",DarkMagenta,13.1,35.91,3.36,467.5,664.29,13.23,4603567,2023-07-29,Premium,10,27,Mumbai,4.6,Space,Male
jessica04@christian-riley.com,"338 Graham Loaf Suite 236East Toddton, FM 43566-4238",LemonChiffon,13.07,36.68,1.92,504.87,583.77,6.67,6298754,2022-11-27,Regular,15,34,Pune,3.7,Survival,Female
simmonsmartin@hardy.com,"2302 Joshua ParkMillerbury, WA 30239-8144",MediumVioletRed,12.49,36.05,4.33,590.56,322.94,9.56,7918450,2023-09-04,Regular,36,21,Chennai,4.9,Free to Play,Female
michellejohnson@sanders-rodriguez.com,"70562 Gonzalez StravenueElizabethland, WI 40700-9149",Teal,11.34,37.04,3.81,443.97,760.19,3.45,8812468,2021-02-14,Regular,38,44,Delhi,3.5,Battle Royale,Female
tylerhernandez@barton.info,"7613 Miguel Knoll Suite 762West Katherine, WV 19406",SlateGray,11.2,38.69,3.09,392.5,477.75,11.56,9573427,2021-08-25,Regular,8,36,Mumbai,4.4,Building & Automation,Male
connerjoseph@gmail.com,"981 David SquareNew Jacquelinetown, AK 66018-4092",Turquoise,11.33,35.46,4.54,568.72,287.16,5.12,1079347,2022-04-05,Medium,14,26,Kalyan,4.7,Third-Person Shooter,Female
jeffrey54@mcdonald-williams.com,"297 Francis ValleySouth Lindsey, NY 13669-5367",Gainsboro,13.92,37.95,5.07,712.4,945.13,8.34,1294683,2022-01-01,Medium,23,45,Pune,3.8,First-Person Shooter,Male
hevans@kelly-nunez.org,Unit 4065 Box 2267DPO AE 69180-7372,Orchid,11.03,38.25,3.11,413.3,404.65,2.67,1692567,2023-06-30,Medium,32,38,Delhi,4.1,Strategy,Female
lewiskendra@yahoo.com,"988 Matthew PlazaLake Jacobshire, AL 37889",Yellow,11.08,36.78,4.75,562.08,777.29,10.12,2079865,2022-08-25,Medium,1,16,Chennai,4.3,Puzzle,Male
freemantina@cannon.org,"870 Dennis ThroughwayWilsonport, PW 12658",AntiqueWhite,10.54,35.53,3.09,412.01,616.43,4.34,4723498,2021-06-09,Medium,46,39,Mumbai,3.6,Story-Rich,Male
wagnerbrian@hotmail.com,"50593 Wells Roads Apt. 110South Amy, MI 06969-2026",AliceBlue,11.8,37.78,3.2,468.67,403.47,7.45,6412490,2022-12-29,Free Trial,20,41,Pune,4.8,Singleplayer,Female
melissa08@nelson.com,"15863 Harrington Glens Suite 012Marystad, LA 50652-8210",Tomato,12.44,38.13,3.85,496.55,901.76,2.23,8083720,2022-03-25,Medium,19,46,Kalyan,4,Multiplayer Horror,Male
karina59@gmail.com,"9580 Clark Trail Suite 687Williamsside, FM 57367",PapayaWhip,12.1,36.06,3.97,548.52,574.99,9.78,8957348,2021-10-19,Medium,29,47,Chennai,4.5,Mystery & Detective,Female
baldwinbryan@estrada-silva.biz,"1470 Kathleen PassSouth Christopherberg, SD 22850",MediumSeaGreen,12.38,38.76,3.84,536.13,387.49,3.12,9685723,2021-03-07,Medium,9,50,Delhi,4.2,Open World,Male
audreyguerrero@carey.com,"1995 Susan Locks Suite 760East Cheryl, AR 37103-5176",BlueViolet,13.72,35.77,2.91,558.43,200.28,6.12,1103275,2023-05-20,Premium,35,49,Mumbai,3.9,Sci-Fi & Cyberpunk,Male
drew29@hotmail.com,"20888 Erin ViaGrahamville, NH 72913-6101",Tomato,12.73,36.54,1.14,357.86,997.65,1.56,1337365,2023-01-10,Medium,22,52,Pune,4.6,Space,Female
michael00@yahoo.com,"03065 Henry Courts Suite 443Derekstad, VT 88473",DarkSlateGray,13.69,34.89,2.69,529.06,366.47,8.78,1738345,2022-06-13,Medium,31,48,Chennai,3.7,Survival,Male
jgray@khan-allen.com,"1416 Rachel CrescentWest Laurieside, IL 81119-7229",Gold,10.01,38.35,3.11,387.36,942.85,2.12,2164936,2022-07-25,Medium,39,53,Kalyan,4.9,Free to Play,Female
bushsusan@hotmail.com,"20618 David SquareGayland, HI 78719-9628",Moccasin,11.44,36.22,4.85,528.93,612.18,5.67,4837294,2023-04-03,Premium,12,51,Delhi,4.8,Battle Royale,Female
charris@gmail.com,"2781 Matthew Wells Apt. 569Potterview, KS 50763-8282",MediumSeaGreen,12.35,37.12,2.31,420.92,131.59,1.12,6542387,2021-09-07,Regular,44,54,Mumbai,3.9,Building & Automation,Female
longphillip@yahoo.com,"13044 Woods HeightsAndreamouth, ND 52317-6007",LightGreen,10.75,35.74,4.84,496.93,829.17,7.23,8224890,2022-09-12,Regular,4,55,Pune,4.5,Third-Person Shooter,Male
madisonalexander@gmail.com,"791 Allen Trafficway Suite 776Christopherland, DC 41460",Orange,11.59,37.74,3.68,519.37,549.13,2.89,9109387,2022-02-19,Regular,48,56,Chennai,4.2,First-Person Shooter,Female
mfoster@brown-white.com,"36192 Ho SpringNew Michael, RI 65851-6369",Cyan,11.24,37.68,5.25,591.44,212.15,4.45,9797393,2023-11-23,Medium,42,57,Kalyan,4.6,Strategy,Male
sanchezkara@hotmail.com,"40494 Robert ParkHeatherside, IL 70364",SlateBlue,11.11,38.59,3.89,502.41,976.31,78,1114936,2023-08-17,Medium,25,59,Delhi,3.7,Puzzle,Female
floresbradley@hotmail.com,"446 Daniel Rest Suite 644Port Matthewhaven, MN 89465",BlanchedAlmond,12.11,36.29,4.39,604.33,678.89,6.78,1346275,2021-05-01,Regular,13,58,Mumbai,4.9,Story-Rich,Male
lamryan@curtis-garcia.net,"96393 Joshua RapidsJonesview, VA 58733",LavenderBlush,11.87,37.72,4,555.07,446.29,2.45,1772378,2022-10-16,Medium,37,61,Pune,3.5,Singleplayer,Male
alexandra26@summers-davis.com,Unit 7032 Box 7016DPO AE 44749-2992,Navy,10.26,36.14,0.79,256.67,142.89,3.67,2274892,2021-11-30,Medium,47,60,Chennai,4.4,Multiplayer Horror,Female
ocortez@gmail.com,"4800 Ashley Spur Apt. 347Dannyfort, GA 23352",MediumBlue,12.17,37.07,4.4,547.11,794.55,0.23,4952861,2023-03-07,Medium,6,62,Delhi,4.7,Mystery & Detective,Male
melinda39@morton.info,"13693 Cox Falls Apt. 693Padillaview, PW 28998-0386",Moccasin,13.09,37.61,2.65,461.92,559.67,5.45,6663489,2022-04-16,Regular,0,64,Kalyan,3.8,Open World,Female
lisa94@jackson.com,"40288 Stephens Corner Apt. 221West Stephanie, OK 55617-4332",CadetBlue,13.01,36.65,2.37,458.38,358.74,1.78,8349675,2021-07-27,Medium,34,63,Mumbai,4.1,Sci-Fi & Cyberpunk,Male
lucastaylor@yahoo.com,"63872 Chavez LodgeDanielton, NJ 85847",MediumTurquoise,10.98,37.95,3.05,436.28,805.77,3.23,9263490,2022-05-30,Medium,17,65,Chennai,4.3,Space,Male
apark@walsh-obrien.net,"28942 Bradford CrescentNew Morganfurt, MD 77162-0478",DarkGreen,13.11,35.57,3.64,532.94,406.93,0.12,9903875,2021-12-05,Medium,50,66,Pune,3.6,Survival,Female
dominguezmaria@gmail.com,"1768 Rosales Ford Apt. 793Lake Markbury, SC 31567",RoyalBlue,12.14,37.26,3.4,512.55,955.61,4.12,1138250,2022-01-23,Premium,26,68,Delhi,4.8,Free to Play,Male
jimmy11@hardin.com,"496 Bush Turnpike Apt. 674Donnabury, OR 32596-0079",DarkGoldenRod,13.91,37.79,4.3,630.42,531.78,1.34,1362398,2023-06-04,Regular,11,67,Kalyan,4,Battle Royale,Female
patriciajackson@jenkins.info,"981 Matthew Valley Apt. 621Lake Tracyburgh, NM 33288-1364",Thistle,11.4,37.33,3.8,463.75,248.84,2.12,1817243,2023-10-06,Medium,21,70,Mumbai,4.5,Building & Automation,Female
rayvanessa@fischer.com,"2583 Mark SpringsLake Robert, AL 40928",White,13.03,37.08,2.63,493.18,841.56,0.67,2374938,2021-02-09,Medium,41,69,Pune,4.2,Third-Person Shooter,Female
gharrison@davis.com,"04140 Cameron Brooks Apt. 724South Laurenberg, HI 08562",MediumSpringGreen,11.62,35.97,3.63,501.21,486.19,3.56,2274938,2022-08-18,Premium,3,72,Chennai,3.9,First-Person Shooter,Male
alexandermichael@hotmail.com,"2086 Lisa ViewOrtegabury, MI 43544",WhiteSmoke,12.6,37.37,3.47,501.93,277.92,1.12,3294856,2023-07-13,Medium,28,71,Delhi,4.6,Strategy,Female
christopher66@hotmail.com,"388 Kelly PikeWest Jeffery, DE 44039-7785",BurlyWood,13.19,37.07,1.49,376.34,916.31,2.56,4312765,2022-11-15,Medium,40,73,Kalyan,3.7,Puzzle,Male
archeremily@baldwin.com,USCGC HernandezFPO AE 53064,YellowGreen,13.27,36.97,2.27,421.33,589.76,0.34,5349827,2023-04-20,Medium,16,75,Mumbai,4.9,Story-Rich,Female
hornesteven@gmail.com,"91425 Roy TrailRivaston, NE 34949-2588",White,11.75,38.57,5.02,538.77,471.36,3.12,6364927,2021-04-10,Regular,18,74,Pune,3.5,Singleplayer,Male
william28@gmail.com,"16763 Melissa Creek Suite 367North Keithland, PW 29458",Cyan,11.57,36.91,2.47,398.16,291.92,0.56,7316842,2021-08-04,Medium,49,16,Chennai,4.4,Multiplayer Horror,Male
karenosborne@yahoo.com,"81814 Pratt Squares Suite 460North Robert, GU 77741-1307",SlateBlue,12.64,36.1,4.3,571.47,721.98,1.67,8321749,2023-01-14,Medium,1,17,Delhi,4.7,Mystery & Detective,Female
chansen@holt.com,"2380 Fisher Neck Suite 233Brianland, AZ 34453-0625",LightSkyBlue,11.39,39.08,2.44,451.63,340.68,0.45,9325871,2022-07-09,Free Trial,38,18,Kalyan,3.8,Open World,Male
hallthomas@lane.com,"22630 Bell Centers Suite 030North Danielport, FM 31756",DarkTurquoise,11.82,36.95,3.66,490.6,680.19,2.23,1035174,2022-03-14,Medium,10,19,Mumbai,4.1,Sci-Fi & Cyberpunk,Female
taylorkimberly@yahoo.com,"0030 Mathis Square Suite 154South Jadehaven, AR 33997-4450",Gainsboro,12.73,35.97,5,591.78,418.57,1.89,1149623,2022-09-25,Regular,47,20,Chennai,4.3,Space,Male
clester@yahoo.com,"76778 Underwood KnollNew Gregory, ID 57323",LightCyan,11.2,37.69,2.41,409.07,186.24,0.45,2375948,2023-02-08,Premium,14,21,Pune,3.6,Survival,Male
pvega@hotmail.com,"61629 Johnson UnderpassNew Eric, MI 92352-5044",LightCoral,11.35,36.32,5.31,563.45,862.77,2.78,3397824,2021-09-30,Regular,5,22,Delhi,4.8,Free to Play,Female
vmartin@yahoo.com,"30242 Rubio ForestPort Kyleland, VA 18339-5779",Turquoise,14.22,37.52,4.08,647.62,504.91,1.56,4382765,2021-03-24,Medium,22,23,Kalyan,4,Battle Royale,Male
andreperez@hotmail.com,"17463 George PortsEast Julianborough, WY 68291",DarkOliveGreen,11.55,36.95,3.28,448.34,236.15,45,5397816,2022-01-30,Premium,44,24,Mumbai,4.5,Building & Automation,Female
anntaylor@hotmail.com,"PSC 1634, Box 8167APO AA 49814",Teal,11.92,36.84,3.63,518.79,769.44,1.12,6439725,2023-11-01,Regular,2,25,Chennai,4.2,Third-Person Shooter,Female
hickmanelizabeth@yahoo.com,"12641 Greer Track Apt. 183North Mitchell, IA 77991-6276",DeepPink,12.28,37.19,3.98,523.63,592.94,0.23,7432891,2023-05-29,Medium,29,26,Pune,3.9,First-Person Shooter,Female
halljohn@yahoo.com,"311 Savannah Ramp Suite 245Carlsonbury, LA 08453-6035",MediumTurquoise,10.13,34.85,3.29,393.86,471.42,1.34,8441783,2022-12-12,Medium,6,27,Delhi,4.6,Strategy,Male
cohensean@yahoo.com,"3751 Green LoafNew Julia, VT 20897",DarkCyan,12.03,36.13,2.31,426.15,251.87,0.67,9447392,2023-08-11,Regular,35,28,Kalyan,3.7,Puzzle,Female
jmartinez@anderson.org,"14889 Page PrairieDennisville, NV 27982-4210",PeachPuff,13.17,36.2,3.56,503.39,844.19,0.12,1047629,2022-05-06,Medium,24,29,Mumbai,4.9,Story-Rich,Male
cbrady@gonzalez-miller.com,"193 Ashley Plaza Suite 706Hernandezport, WV 71270-7338",Aqua,12.33,36.67,3.35,482.6,609.13,1.23,1168325,2021-06-16,Medium,19,30,Pune,3.5,Singleplayer,Female
pkline@hotmail.com,"PSC 6338, Box 7637APO AA 22066",MediumTurquoise,13.89,39.22,2.91,524.8,327.48,0.56,2387653,2022-04-29,Medium,30,31,Chennai,4.4,Multiplayer Horror,Male
martha91@garrison.net,"360 Albert SpringSouth Tylerbury, VA 92641-9077",HotPink,12.93,36.36,3.79,574.65,800.25,0.78,3419827,2021-11-13,Medium,9,32,Delhi,4.7,Mystery & Detective,Male
maureenlopez@gmail.com,"82537 Alice CentersGregland, OR 71749",SeaShell,11.38,36.64,4.03,574.75,463.62,0.34,4409875,2022-10-09,Medium,33,33,Kalyan,3.8,Open World,Female
russellbaldwin@ferrell.info,"295 Michael Keys Apt. 706Ericfurt, KS 09476",Orange,14.07,38.99,4.98,660.43,991.12,0.89,5432894,2023-03-31,Free Trial,25,34,Mumbai,4.1,Sci-Fi & Cyberpunk,Male
amandastanley@yahoo.com,"38528 Jerry Valleys Suite 027Jonesstad, NY 74787-2691",CadetBlue,10.8,37.37,2.7,375.4,408.59,0.45,6478321,2021-05-15,Medium,42,35,Chennai,4.3,Space,Female
george02@hotmail.com,"3286 Lynch FieldHenrychester, RI 41833-7902",LightCoral,14.43,37.37,3.93,640.19,748.78,0.23,7481236,2022-07-03,Medium,12,36,Pune,3.6,Survival,Male
swilliams@ball-arroyo.com,"450 Samantha ValleysCollinsborough, KS 37205-9891",Orchid,13.04,36.66,3.46,514.01,465.33,0.67,8497384,2023-07-18,Medium,45,37,Delhi,4.8,Free to Play,Male
taylorjared@foster.net,"601 Mitchell Estates Suite 922Port Daniel, WV 83595",Crimson,11.74,36.85,2.18,376.5,211.78,0.56,9497843,2022-02-02,Premium,31,38,Kalyan,4,Battle Royale,Female
keith13@yahoo.com,"81830 Katie SquaresPort Austinland, FL 73522-0761",LightGoldenRodYellow,12.49,38.24,2.71,484.52,955.68,0.12,1059327,2021-08-10,Regular,37,39,Mumbai,4.5,Building & Automation,Male
schmidtdenise@hotmail.com,"06392 Matthew Viaduct Suite 000Lake Ronald, NY 45787-0181",DarkGoldenRod,12.89,36.53,4.59,614.73,522.34,0.45,1178456,2021-12-20,Medium,15,40,Pune,4.2,Third-Person Shooter,Female
jasmin20@salas.com,"634 Nancy Shoals Suite 241South Barry, AR 52307",HotPink,11.67,37.34,4.26,567.48,345.72,0.34,2423846,2022-09-05,Medium,8,41,Chennai,3.9,First-Person Shooter,Female
christophermorrison@mcguire-carter.biz,"90089 Eric WellNicoleside, MT 95918",Blue,11.78,37.98,3.78,554,988.89,0.23,3458746,2023-10-26,Premium,27,42,Delhi,4.6,Strategy,Female
deborah51@yahoo.com,"4190 Shelton HarborsNorth Christopher, RI 60962",Violet,12.14,36.85,1.62,399.98,364.42,0.56,4428765,2022-07-20,Medium,4,43,Kalyan,3.7,Puzzle,Male
melindahartman@gmail.com,"3761 Jared MountainNicholasport, WY 51181",Pink,12.22,36.82,3.41,479.17,956.67,0.12,5468743,2022-11-03,Medium,13,44,Mumbai,4.9,Story-Rich,Female
sharper@yahoo.com,"239 Bush Fall Apt. 906Riveraville, KY 88906-3319",SandyBrown,13.4,37.29,3.61,585.93,514.79,0.34,6538291,2021-12-27,Medium,20,45,Pune,3.5,Singleplayer,Male
jessicabrewer@simmons.net,"5052 Mccoy Passage Apt. 328Teresaport, FM 97139",LightBlue,12.96,38.66,3.28,541,313.72,0.23,7518342,2023-09-30,Regular,43,46,Chennai,4.4,Multiplayer Horror,Female
beckycarson@jones-brown.biz,"78787 Mitchell LightsMatthewville, AZ 30310-0130",Gold,12.88,36.23,5.01,628.05,884.39,0.12,8532769,2021-07-20,Regular,7,47,Delhi,4.7,Mystery & Detective,Male
jennifer24@hotmail.com,"46954 Melissa CornerNorth Amanda, LA 34844",SteelBlue,13.33,36.77,3.37,582.49,438.29,0.23,9537846,2022-05-23,Regular,32,48,Kalyan,3.8,Open World,Male
jeremy00@yahoo.com,"45442 Barber Key Apt. 882South Jaclyn, NM 24367-3001",FloralWhite,12.16,36.58,5.45,640.79,291.83,0.12,1069374,2021-04-07,Medium,28,49,Mumbai,4.1,Sci-Fi & Cyberpunk,Female
wellsjuan@schroeder.com,"0338 Francis JunctionLake Alexstad, NH 14302",Green,11.23,35.67,3.76,446.42,863.77,0.12,1197456,2023-03-11,Regular,36,50,Pune,4.3,Space,Male
gregorystewart@hotmail.com,"232 John Haven Suite 456Johnsonhaven, VT 90106-0173",PaleGoldenRod,12.46,37.75,4.66,570.63,141.26,0.23,2438721,2022-10-12,Medium,48,51,Chennai,3.6,Survival,Female
tammyjones@griffin.com,"0859 Audrey IsleSouth Zachary, AS 09138",Navy,9.85,36.88,3.81,423.31,834.18,0.12,3482769,2023-04-14,Medium,50,52,Delhi,4.8,Free to Play,Male
djohnson@hotmail.com,"5358 Stephen Parkway Suite 894Kimview, MN 17436-4528",Coral,13.33,36.9,5.05,616.66,489.77,0.23,4457823,2021-02-19,Medium,26,53,Kalyan,4,Battle Royale,Male
kenneth27@smith.com,"721 Robert Viaduct Apt. 052Lake Olivia, MO 93807",DarkGreen,13.68,37.74,2.87,530.36,269.12,0.12,5509837,2022-12-19,Free Trial,11,54,Mumbai,4.5,Building & Automation,Female
johnathan33@yahoo.com,"836 Amy VillagesHannahside, RI 09207-2616",LightSteelBlue,11.64,37.03,3.24,442.36,732.84,0.23,6569821,2023-08-30,Regular,1,55,Chennai,4.2,Third-Person Shooter,Male
carrillojacob@perry-larsen.com,"909 Hicks MountainsGabriellaport, MD 33121",Aquamarine,13.49,37.55,3.09,511.98,546.77,0.12,7598243,2021-06-23,Medium,10,56,Pune,3.9,First-Person Shooter,Female
greenelizabeth@edwards.com,"54051 Jenkins ViewEast Danielshire, IN 32905-7784",DarkViolet,11.62,38.42,4.56,560.44,305.79,0.23,8569837,2022-03-30,Regular,39,57,Delhi,4.6,Strategy,Female
denisemorrow@johnson-james.net,"24458 Hudson SquareHallside, PA 68038",MediumSpringGreen,13.01,37.79,3.01,475.26,883.26,0.12,9574832,2023-01-05,Medium,0,58,Kalyan,3.7,Puzzle,Female
wandaphillips@leonard.com,"149 Monica Vista Apt. 908Jasonberg, TX 19632-8886",OliveDrab,11.47,35.68,1.81,374.27,485.91,0.23,1084294,2023-07-22,Premium,46,59,Mumbai,4.9,Story-Rich,Male
zachary94@gmail.com,"99902 Scott RoadJoyton, MT 46760-7400",Purple,11.68,38.72,3.59,463.59,429.61,0.12,1202387,2022-08-04,Medium,23,60,Pune,3.5,Singleplayer,Female
ppowell@gmail.com,"74260 Carly Mews Suite 703Jonesberg, OR 39594",BlueViolet,12.09,36.62,3.05,471.6,827.64,0.23,2467842,2021-10-26,Medium,34,61,Chennai,4.4,Multiplayer Horror,Male
bhill@pierce-kane.info,"3324 Branch Squares Suite 221Riddleton, OK 34594",RoyalBlue,14.33,35.72,3.63,626.02,199.84,0.12,3529837,2021-08-01,Medium,21,62,Delhi,4.7,Mystery & Detective,Female
matthewgraves@mills-shaffer.com,"66636 Jason ParkwayKellyside, NV 67033",DarkSeaGreen,12.91,39.07,1.48,432.47,922.64,0.23,4479321,2022-04-21,Regular,41,63,Kalyan,3.8,Open World,Male
nwagner@yahoo.com,Unit 2079 Box 7792DPO AP 47668,AntiqueWhite,9.82,35.74,2.92,356.62,491.93,0.12,5569834,2022-01-09,Medium,16,64,Mumbai,4.1,Sci-Fi & Cyberpunk,Male
jamesfaulkner@hoffman-wolfe.org,Unit 0474 Box 0661DPO AP 48938-3469,Blue,12.81,38.55,1.81,467.43,207.77,0.23,6649832,2022-06-06,Medium,3,65,Pune,4.3,Space,Female
phillipscarrie@gmail.com,"625 Andrew LocksMadisonside, AZ 74068",FloralWhite,13.06,37.26,3.37,503.22,783.66,0.12,7639821,2023-06-22,Premium,2,66,Chennai,3.6,Survival,Male
samantha84@cortez.com,"960 Miller UnionEast Virginiastad, MS 74191-2346",Navy,10.53,37.03,2.21,378.47,567.19,0.23,8598324,2022-02-06,Regular,45,67,Delhi,4.8,Free to Play,Female
edward29@knapp.com,"4029 Gerald CapeSouth Laurenborough, SC 19130-5133",DarkOrange,11.14,35.95,5.45,584.22,477.42,0.12,9638742,2021-11-04,Medium,22,68,Kalyan,4,Battle Royale,Male
hannahgilbert@gmail.com,"6961 Mary Stravenue Suite 857Hilltown, TX 52813-7703",Aqua,10.98,34.81,3.2,451.73,224.69,0.23,1098365,2021-09-19,Regular,17,69,Mumbai,4.5,Building & Automation,Male
lschroeder@gmail.com,"93101 Shannon CommonSouth Destiny, ND 30379-2855",Ivory,11.15,37.24,4.73,557.63,824.91,0.12,1218493,2022-07-15,Medium,19,70,Chennai,4.2,Third-Person Shooter,Female
thomaswendy@yahoo.com,"449 Amanda TunnelJoshuahaven, CO 15377",LavenderBlush,11.95,36.19,3.21,432.72,446.95,0.23,2485729,2022-03-11,Medium,44,71,Pune,3.9,First-Person Shooter,Male
fuenteskathryn@schmidt-johnson.org,"839 Heather CliffSouth Blake, SC 90412",Cyan,11.47,37.06,3.8,506.42,976.78,0.12,3569834,2023-05-11,Regular,15,72,Delhi,4.6,Strategy,Female
melissa08@rowe.net,"13799 Cortez Inlet Suite 733East Stevenshire, AL 32757",Tan,11.04,38.62,4.12,510.16,250.49,0.23,4529738,2022-09-19,Medium,25,73,Kalyan,3.7,Puzzle,Female
bradleysmith@barber.com,"581 Gilmore PortHeatherville, MS 20879",PaleVioletRed,11.17,35.63,5.46,587.57,819.61,0.12,5589243,2023-03-29,Free Trial,42,74,Mumbai,4.9,Story-Rich,Female
morganorozco@hotmail.com,"0001 Mack MillNorth Jennifer, NE 42021-5936",LightPink,11.56,35.98,1.48,282.47,500.27,0.23,6689342,2021-05-30,Medium,6,75,Chennai,3.5,Singleplayer,Male
johnsonhannah@gmail.com,"634 Robert Hill Apt. 800Coxtown, OK 32430",Thistle,12.23,36.99,3.77,473.95,308.48,0.12,7685732,2023-11-10,Medium,38,16,Pune,4.4,Multiplayer Horror,Female
javier02@landry.net,Unit 7029 Box 3429DPO AE 56975,CadetBlue,13.19,38.07,2.9,489.91,848.29,0.23,8629843,2023-10-02,Medium,5,17,Delhi,4.7,Mystery & Detective,Male
lmalone@gmail.com,USS BeasleyFPO AP 50556-7615,AntiqueWhite,13.39,37.81,3.57,541.97,421.15,0.12,9667842,2021-12-15,Medium,0,18,Kalyan,3.8,Open World,Female
brandon77@richardson.com,"109 Jessica ManorNorth Patriciashire, PR 84726",GhostWhite,11.85,36.93,1.08,266.09,355.84,0.23,1102387,2021-04-29,Medium,8,19,Mumbai,4.1,Sci-Fi & Cyberpunk,Male
bhamilton@shaw.biz,"036 Mary Drive Apt. 581Port Brandytown, FL 66143",DarkOrchid,12.27,36.58,3.02,494.69,991.68,0.12,1237482,2022-10-02,Free Trial,29,20,Pune,4.3,Space,Male
randyrobinson@hotmail.com,"14548 Hayes Isle Apt. 436Garciaville, IN 65366",DarkGray,13.46,36.34,5.57,689.79,402.88,0.23,2538792,2022-05-17,Medium,14,21,Chennai,3.6,Survival,Female
ecruz@yahoo.com,"08111 Barry HighwayBentonberg, GU 13706",Gainsboro,11.79,36.26,2.4,387.53,899.92,0.12,3619842,2023-02-27,Premium,30,22,Delhi,1,Free to Play,Male
wrightdanielle@gmail.com,"508 May HighwayPort Jacobview, MN 31932",DarkSalmon,10.99,37.37,3.5,441.9,301.89,0.23,4598734,2023-07-29,Medium,35,23,Kalyan,4,Battle Royale,Female
deandanny@yahoo.com,"9781 Lopez Spurs Apt. 300Fitzgeraldborough, MA 89035-4317",Ivory,12.64,36.52,5.23,604.84,740.45,0.12,5609834,2022-11-27,Medium,7,24,Mumbai,4.5,Building & Automation,Male
dblair@gmail.com,"190 Kelley BurgWest Juliaport, IA 35826-8163",MediumSlateBlue,8.51,35.46,1.84,302.19,617.21,0.23,6729831,2023-09-04,Medium,31,25,Chennai,4.2,Third-Person Shooter,Male
veronicapruitt@hotmail.com,Unit 7502 Box 8345DPO AE 53747,Cyan,11.66,36.55,3.36,479.61,484.93,0.12,7734892,2021-02-14,Regular,20,26,Pune,3.9,First-Person Shooter,Female
davischristina@hotmail.com,"49352 Avila Terrace Suite 624Amandaland, GA 99736",SeaGreen,11.97,36.55,2.96,506.13,264.71,0.23,8678321,2021-08-25,Medium,49,27,Delhi,4.6,Strategy,Male
douglasdunlap@boone-rose.com,"093 Larson PortsWest Kathryn, OK 91243",Purple,11.8,36.32,2.08,319.93,758.19,0.12,9718436,2022-04-05,Free Trial,12,28,Kalyan,3.7,Puzzle,Female
david28@wallace-hill.org,"43382 Heather MeadowsNew Lisaburgh, WI 19151-0302",LightBlue,12.68,35.62,3.68,528.31,568.73,0.23,1118742,2022-01-01,Medium,4,29,Mumbai,4.9,Story-Rich,Female
williammoore@rose.com,"686 Baker Fords Suite 893East John, IL 50171-9547",Brown,13.03,37.87,4.69,610.13,362.92,0.12,1248927,2023-06-30,Free Trial,47,30,Pune,3.5,Singleplayer,Female
angela25@walker.com,"456 Eric ViewsNorth Amanda, MS 98876-3102",Chocolate,12.45,37.53,4.01,584.11,987.67,0.23,2583746,2022-08-25,Medium,37,31,Chennai,4.4,Multiplayer Horror,Male
arice@reynolds.info,"740 Marshall SquaresDavidbury, AL 94251-0846",Thistle,12.24,37.28,2.53,466.42,140.55,0.12,3678321,2021-06-09,Medium,18,32,Delhi,4.7,Mystery & Detective,Female
adam75@gmail.com,"9991 Macdonald SquaresVasquezborough, WY 73586-4597",Purple,10.97,36.61,2.87,404.82,979.72,0.23,4619784,2022-12-29,Medium,43,33,Kalyan,3.8,Open World,Male
charlesgutierrez@hotmail.com,"363 Kathleen UnderpassAshleyside, PR 98964",MistyRose,13.67,36.9,3.52,564.79,545.33,0.12,5678234,2022-03-25,Free Trial,32,34,Mumbai,4.1,Sci-Fi & Cyberpunk,Female
codyandrews@hotmail.com,"63010 Reyes Creek Apt. 569West Catherinetown, MN 67491-6816",Indigo,13.39,37.19,4.07,596.52,201.69,0.23,6768493,2021-10-19,Medium,28,35,Pune,4.3,Space,Male
wheelernancy@hernandez.com,"66340 Michael Lane Suite 878West Brian, LA 69137-1147",Gold,12.97,38.3,1.2,368.65,831.32,0.12,7784936,2021-03-07,Medium,1,36,Chennai,3.6,Survival,Male
drew27@ryan-thompson.com,"4475 Lopez Stravenue Apt. 690Smithchester, NV 84347",PeachPuff,12.97,37.33,3.23,542.41,491.33,0.23,8718492,2023-05-20,Medium,36,37,Delhi,4.8,Free to Play,Female
suzanne63@gmail.com,"229 Eric MountainsNew Caleb, PA 00396",LightSalmon,10.73,36.15,4.09,478.26,266.19,0.12,9774821,2023-01-10,Premium,33,38,Kalyan,4,Battle Royale,Male
mitchellscott@gmail.com,"3976 Tom Streets Suite 438Port Davidtown, AL 55334-2369",DarkOrange,10.95,37.65,4.02,473.36,730.55,0.23,1128437,2022-06-13,Medium,26,39,Mumbai,4.5,Building & Automation,Female
laurajimenez@gmail.com,"06103 Erik Fields Suite 781Jonesmouth, GA 49931-3078",SlateBlue,12.61,37.23,4.21,559.2,628.18,0.12,1274896,2022-07-25,Medium,24,40,Pune,4.2,Third-Person Shooter,Male
rogersheather@hamilton-jensen.org,"510 Michele PortEast Angela, HI 23618",MintCream,13.04,36.31,2.02,447.19,454.57,0.23,2649821,2023-04-03,Premium,40,41,Chennai,3.9,First-Person Shooter,Male
ievans@hotmail.com,"2064 Poole GrovesNorth Chrisland, SC 78169",NavajoWhite,11,38.44,4.24,505.23,271.29,0.12,3728749,2021-09-07,Medium,23,42,Delhi,4.6,Strategy,Female
john85@rodriguez.info,"57120 Frank KeysJerryborough, DC 81028-0939",Tomato,13.28,37.39,4.63,557.25,961.67,0.23,4659832,2022-09-12,Medium,27,43,Kalyan,3.7,Puzzle,Male
phillipsmark@byrd.net,"6734 Perez Trafficway Suite 395Nunezland, NC 83245",DarkSeaGreen,10.63,38.04,3,422.37,511.86,0.12,5729834,2022-02-19,Medium,16,44,Mumbai,4.9,Story-Rich,Female
elizabeth61@berg-braun.com,"649 King ExtensionNorth April, NY 54175",Lavender,13.19,35.92,1.82,445.06,256.37,0.23,6849231,2023-11-23,Regular,0,45,Pune,3.5,Singleplayer,Female
dbenson@simpson.net,"732 Heather PlaceNorth Michael, VT 92527",DodgerBlue,11.35,37.09,4.08,442.06,873.45,0.12,7859234,2023-08-17,Medium,10,46,Chennai,1,Multiplayer Horror,Female
stephaniehill@hotmail.com,"8248 Parker Overpass Apt. 024Lake Pamela, WY 44322-1735",Wheat,12.95,37.11,3.69,533.04,443.33,0.23,8797392,2021-05-01,Medium,50,47,Delhi,4.7,Mystery & Detective,Male
davisbriana@gmail.com,"15298 Erickson Shore Apt. 056South Patrickfort, MD 16503-3145",MediumVioletRed,11.74,37.94,2.19,424.2,949.12,0.12,9847365,2022-10-16,Premium,2,48,Kalyan,3.8,Open World,Female
kday@gmail.com,"4835 Jessica Walk Suite 205West Jacob, NH 93681",Magenta,11.89,35.86,3.21,498.64,456.11,0.23,1138492,2021-11-30,Medium,41,49,Mumbai,4.1,Sci-Fi & Cyberpunk,Male
jonathanconner@morales.biz,"920 Anderson ExtensionsGreenfurt, GA 19316-3498",SeaShell,10.76,36.6,1.98,330.59,232.89,0.12,1283749,2023-03-07,Medium,48,50,Pune,4.3,Space,Female
anneingram@miller-alexander.com,"4301 Park Lake Apt. 158Spencertown, SD 45934",HoneyDew,11.61,39.25,3.35,443.44,792.64,0.23,2698756,2022-04-16,Medium,45,51,Chennai,3.6,Survival,Male
jeffery48@mcguire.com,"52326 Townsend CentersLake Williamburgh, NJ 70568-7463",LightCyan,11.98,38.27,3.53,478.6,571.29,0.12,3769842,2021-07-27,Medium,22,52,Delhi,4.8,Free to Play,Male
theresamitchell@martin-chambers.biz,"157 Linda RoadsNew Jimmyshire, MH 51942",Khaki,12.46,37.43,2.97,440,335.37,0.23,4678243,2022-05-30,Medium,34,53,Kalyan,4,Battle Royale,Female
christianwade@butler.info,"3687 Sarah Ranch Suite 919Gainesfort, AK 05665",Crimson,10.08,38.07,2.62,357.78,916.24,0.12,5789231,2021-12-05,Free Trial,3,54,Mumbai,4.5,Building & Automation,Male
tina16@santiago.com,"314 Kidd RunJohnfort, KS 46546-2732",White,12.59,37.33,2.8,476.14,115.38,0.23,6928475,2022-01-23,Medium,47,55,Chennai,4.2,Third-Person Shooter,Female
vancealicia@hotmail.com,"06307 Scott Spurs Suite 161Jessicaburgh, NH 26093-5908",RoyalBlue,14.29,36.77,2.96,501.12,999.46,0.12,7923846,2023-06-04,Medium,5,56,Pune,3.9,First-Person Shooter,Male
dbell@hotmail.com,"3485 Anthony Street Apt. 119Mikeberg, FL 32602",DarkViolet,11.92,37.77,4.35,592.69,509.84,0.23,8843765,2023-10-06,Medium,39,57,Delhi,4.6,Strategy,Male
pamelahampton@martin-cobb.com,"91542 Jessica Springs Suite 255Thomashaven, MT 39239-3790",DarkSeaGreen,11.41,35.78,3.87,486.08,247.93,0.12,9893847,2021-02-09,Premium,14,58,Kalyan,3.7,Puzzle,Female
mark81@wagner.com,"410 Gonzalez Corners Apt. 187East Stephenport, VT 22771",Navy,12.82,37.96,4.62,576.03,900.11,0.23,1148732,2022-08-18,Medium,11,59,Mumbai,4.9,Story-Rich,Male
awerner@manning.com,"407 Blake WaysPort Davidland, WA 78438",Gray,11.67,37.84,2.73,442.72,565.87,0.12,1298756,2023-07-13,Medium,21,60,Chennai,3.5,Singleplayer,Female
robertramirez@kaiser.com,"1583 Anderson CovesEast Rebecca, NH 27212",Purple,10.61,37.98,3.54,461.79,427.49,0.23,2768493,2022-11-15,Regular,12,61,Pune,4.4,Multiplayer Horror,Female
justin26@gmail.com,"32303 Baldwin CausewaySouth Robertside, HI 58126",RosyBrown,12.51,35.82,3.13,488.39,335.12,0.12,3849837,2023-04-20,Medium,46,62,Delhi,4.7,Mystery & Detective,Female
douglas95@yahoo.com,"395 Summers Courts Apt. 413Coopermouth, IA 21205-1079",White,11.3,37.83,5.14,593.16,933.74,0.23,4738742,2021-04-10,Free Trial,7,63,Kalyan,3.8,Open World,Male
qmorse@yahoo.com,"0360 Pearson Dam Suite 263Lake Shawn, UT 65986-4190",MediumTurquoise,10.89,34.9,3.13,392.81,603.88,0.12,5869321,2021-08-04,Regular,31,64,Mumbai,4.1,Sci-Fi & Cyberpunk,Female
jason50@bates.net,"74839 Michael Plains Suite 356South Austinshire, ND 40309-1424",Bisque,12.1,36.38,3.18,443.2,429.93,0.23,7018492,2023-01-14,Free Trial,13,65,Chennai,4.3,Space,Male
qeaton@savage.com,"27032 Michelle ForestMorrowtown, ND 14749",SaddleBrown,12.69,37.33,3.83,535.48,743.14,0.12,7998342,2022-07-09,Medium,4,66,Pune,3.6,Survival,Female
tluna@hotmail.com,"01512 Hendricks RueEast Pamela, PR 46481",YellowGreen,11.39,38.2,4.81,533.4,252.19,0.23,8938742,2022-03-14,Free Trial,8,67,Delhi,4.8,Free to Play,Male
kara33@gmail.com,"5527 Hogan RoadSouth Jeffreychester, MA 28632",LavenderBlush,10.73,36.88,4.05,532.13,895.27,0.12,9938742,2022-09-25,Medium,26,68,Kalyan,4,Battle Royale,Male
thomas22@yahoo.com,"7346 Jennifer Green Suite 148Wagnertown, MT 65972",IndianRed,11.94,35.9,4.54,558.95,491.29,0.23,1159876,2023-02-08,Medium,29,69,Mumbai,4.5,Building & Automation,Female
david47@hotmail.com,"37216 Krista DrivesWest Andrew, DE 70036",DarkKhaki,12.72,35.13,3.48,508.77,267.66,0.12,1328475,2021-09-30,Free Trial,19,70,Pune,4.2,Third-Person Shooter,Male
beasleyjoseph@hotmail.com,"1094 Bentley ForgesLake Antonio, MA 29181-3664",SaddleBrown,10.97,35.97,2.63,403.77,810.19,0.23,2879856,2021-03-24,Medium,36,71,Chennai,3.9,First-Person Shooter,Female
hoffmandaniel@yahoo.com,"922 Hampton Path Suite 198Port Jasonmouth, FL 46623",Orchid,13.42,37.76,4.79,640.58,565.11,0.12,3948732,2022-01-30,Medium,18,72,Delhi,4.6,Strategy,Male
garnerjustin@king.com,"0833 Brian Canyon Suite 566Anthonymouth, VT 01329-7541",DarkCyan,11.85,37.49,2.76,461.63,471.72,0.23,4819842,2023-11-01,Medium,32,73,Kalyan,3.7,Puzzle,Male
francesjohnson@lee.com,"577 Peters TurnpikeLoriport, MA 60572-1669",Aquamarine,11.92,35.72,2.16,382.42,211.57,0.12,5948374,2023-05-29,Medium,25,74,Mumbai,4.9,Story-Rich,Female
awu@robinson.org,"0281 Dale Wells Suite 656East Joshua, ME 73389",Brown,13.15,37.65,4.2,561.87,779.98,0.23,7069842,2022-12-12,Regular,1,75,Chennai,3.5,Singleplayer,Male
xevans@hotmail.com,"13164 Miller CampSouth Deannaberg, ID 85433",DarkMagenta,12.69,36.05,2.14,444.58,508.63,0.12,8048732,2023-08-11,Medium,16,19,Pune,4.4,Multiplayer Horror,Female
lauriewilson@jackson.com,"389 Joshua Stravenue Apt. 983Martinezland, MN 29049",Cornsilk,10.35,39.05,3.43,401.03,389.31,0.23,8987432,2022-05-06,Medium,28,25,Delhi,4.7,Mystery & Detective,Female
cruiz@yahoo.com,"497 Julian Brook Suite 872Hillberg, FM 87927-5760",LightSalmon,9.32,36.91,2.87,384.33,749.42,0.12,9997432,2021-06-16,Medium,40,30,Kalyan,3.8,Open World,Female
tammy12@gmail.com,"78297 Brown Street Apt. 786East Taylorfurt, AK 97246",Chocolate,12.58,35.44,3.14,527.78,235.68,0.23,1178942,2022-04-29,Premium,9,22,Mumbai,4.1,Sci-Fi & Cyberpunk,Male
adamperkins@terrell.com,"2595 James Creek Apt. 571Millerberg, HI 82236",PaleVioletRed,11.76,37.92,3.53,482.14,820.13,0.12,1349238,2021-11-13,Medium,38,17,Pune,4.3,Space,Female
willie26@johnson-howard.com,"97686 Robertson Cape Suite 607Port Veronicaside, NE 47293",Wheat,12.64,38,5.04,594.27,495.88,0.23,2928734,2022-10-09,Medium,33,29,Chennai,3.6,Survival,Male
yvaughn@meyer.com,"9863 Dawn Court Suite 429Lake Connie, MI 12238",OldLace,11.83,36.84,3.61,502.09,262.29,0.12,3987234,2023-03-31,Medium,15,21,Delhi,4.8,Free to Play,Female
carolfarley@gmail.com,"51173 Curtis Cliff Apt. 727Ramoston, DE 32714-4579",SlateBlue,10.44,35.94,2.9,407.66,950.14,0.23,4879842,2021-05-15,Premium,24,27,Kalyan,4,Battle Royale,Male
rhonda01@gmail.com,"939 Watson RunStaceyberg, VT 58376-0454",Orchid,12.73,36.23,5.71,708.94,549.88,0.12,6098432,2022-07-03,Medium,6,33,Mumbai,4.5,Building & Automation,Male
david80@knight.com,"368 Morris Ports Apt. 735New Lisaville, GA 34271-8632",MediumAquaMarine,9.48,37.91,5.05,531.96,376.91,0.23,7139824,2023-07-18,Free Trial,44,18,Pune,4.2,Third-Person Shooter,Female
aaron04@yahoo.com,"16338 Scott Corner Suite 727West Alexandra, AR 54429",SeaGreen,10.16,37.76,4.78,521.24,352.88,0.12,8148721,2022-02-02,Regular,30,31,Chennai,3.9,First-Person Shooter,Male
kaylahenderson@hotmail.com,Unit 1609 Box 3480DPO AA 95185,MediumSpringGreen,11.61,38.11,2.97,447.37,930.17,0.23,9019843,2021-08-10,Medium,42,24,Delhi,4.6,Strategy,Female
mholt@hotmail.com,"486 Adams HillsNorth Walter, MS 18124",LightSeaGreen,11.27,36.96,2.67,385.15,646.79,0.12,1118743,2021-12-20,Medium,17,26,Kalyan,3.7,Puzzle,Male
tanya20@gmail.com,"69279 Stewart MountainsSouth Pamela, KS 22541-3414",DarkKhaki,11.16,37.09,3.62,430.59,377.36,0.23,1198742,2021-12-05,Medium,37,20,Mumbai,4.9,Story-Rich,Male
aaron89@gmail.com,"0128 Sampson Loop Suite 943Hoffmanton, MO 02122",SaddleBrown,10.1,38.04,4.24,418.6,711.56,0.12,1379821,2022-06-18,Medium,23,34,Pune,3.5,Singleplayer,Female
hunterlucas@gmail.com,"89301 Kylie CrossroadPetersonberg, MH 23834",Turquoise,12.76,36.91,2.48,478.95,272.68,0.23,2983721,2021-09-24,Medium,20,28,Chennai,4.4,Multiplayer Horror,Male
sfarley@jones.com,"0554 Powers CurveNathanchester, FL 06878-6336",AntiqueWhite,12.06,37.69,3.51,483.8,981.73,0.12,4018342,2022-02-13,Free Trial,27,23,Delhi,4.7,Mystery & Detective,Female
sarahtran@dixon.com,"770 Katie Walk Apt. 585Port David, MN 52850",GoldenRod,11.94,35.78,3.31,538.94,492.92,0.23,4968742,2023-05-29,Medium,43,35,Kalyan,3.8,Open World,Female
randywhite@armstrong.biz,"0506 Pitts ForksWoodsbury, AL 98082-8186",Teal,12.45,36.67,3.54,486.16,291.88,0.12,6198734,2021-11-07,Free Trial,2,16,Mumbai,4.1,Sci-Fi & Cyberpunk,Female
tsmith@yahoo.com,"92028 Thomas Mountains Suite 044New Matthew, MI 02429-0994",Bisque,12.28,38.3,1.13,385.1,937.29,0.23,7218342,2022-10-20,Medium,35,32,Chennai,4.3,Space,Male
martinezleah@carter.com,"8456 Joseph Locks Suite 926Christopherport, TN 57784",PaleGreen,12.78,35.55,3.23,527.78,482.18,0.12,8249837,2023-01-15,Medium,10,19,Pune,3.6,Survival,Female
steven00@combs.com,"64460 Morris FordsGonzalesmouth, MI 40832",RosyBrown,12.96,37.95,3.35,547.19,835.67,0.23,9098743,2021-07-03,Medium,50,28,Delhi,4.8,Free to Play,Male
blakekent@smith-pena.com,"3933 Brooke PointJohnsonburgh, DE 22659-3488",Crimson,9.95,37.35,3.22,410.6,499.88,0.12,1128794,2022-04-22,Regular,3,30,Kalyan,4,Battle Royale,Female
amanda03@yahoo.com,"313 Lisa Loop Apt. 543North Jenniferchester, MN 58819",Brown,13.13,35.43,3.79,583.98,336.22,0.23,1208437,2023-08-11,Medium,48,18,Mumbai,4.5,Building & Automation,Male
brandonsmith@yahoo.com,"62106 Nathan Mountain Suite 505North Matthewborough, AZ 32092-6122",Gold,11.52,36.19,3.56,474.53,968.29,0.12,1419843,2021-08-28,Medium,41,22,Pune,4.2,Third-Person Shooter,Male
thardy@perry.com,"39209 Cooper Neck Apt. 541Tylermouth, ME 94450",SeaGreen,10.97,34.57,2.93,414.94,635.77,0.23,3129842,2022-12-25,Medium,12,17,Chennai,3.9,First-Person Shooter,Female
michael86@yahoo.com,"87270 Garrett Cliffs Suite 361Brooksberg, MO 26555-2502",LightYellow,13.53,38.95,3.05,550.81,447.19,0.12,4059837,2023-03-09,Medium,4,21,Delhi,4.6,Strategy,Male
ulee@wells.com,"309 Singleton HollowMatthewhaven, NJ 68776-7477",LemonChiffon,12.04,34.49,2.74,458.78,414.73,0.23,5038742,2021-10-14,Regular,46,24,Kalyan,3.7,Puzzle,Female
judithsmith@jimenez.biz,"186 Anthony RouteGordonview, AS 78120-4633",DarkOrange,10.94,36.17,2.78,407.54,855.69,0.12,6298742,2022-08-02,Medium,11,26,Varanasi,4.9,Story-Rich,Male
nblack@smith-romero.biz,"00615 Tracy IslandsNew Marcfort, MO 87297-7431",LightCyan,12.66,37.03,4.33,581.31,615.46,0.23,7318942,2021-06-12,Free Trial,49,34,Srinagar,3.5,Singleplayer,Male
michaelcampbell@yahoo.com,"96480 White Lane Suite 521Pattersonhaven, OR 39409-4561",Gray,11.73,36.88,3.42,546.56,379.16,0.12,8368743,2022-01-28,Medium,14,25,Aurangabad,4.4,Multiplayer Horror,Female
rcarter@crane-thompson.org,"14064 Frazier Hills Apt. 176Amyborough, MP 77858-0018",MediumVioletRed,11.92,37.32,3.34,503.18,957.87,0.23,9158743,2023-06-05,Medium,7,27,Dhanbad,4.7,Mystery & Detective,Male
dwhite@gmail.com,"02136 White Grove Suite 418Marytown, DE 70033",OrangeRed,11.51,37.13,4.66,549.13,257.93,0.12,1138794,2021-11-22,Medium,21,29,Amritsar,3.8,Open World,Female
vancemichelle@gmail.com,"6586 Reginald Crest Apt. 061North Josephfort, NM 55275",DeepPink,12.42,36.16,3.22,482.83,898.32,0.23,1238743,2022-09-09,Medium,31,33,Navi Mumbai,4.1,Sci-Fi & Cyberpunk,Female
kylemelendez@hotmail.com,"2749 Cunningham Flat Apt. 838Derekberg, OH 45288",DeepPink,13.89,38.38,3.77,557.61,561.82,0.12,1458743,2023-02-19,Regular,0,16,Allahabad,4.3,Space,Female
richard35@hale-duncan.net,"33940 Craig Throughway Apt. 334Martinview, IL 62015-0314",GhostWhite,12.85,37.87,3.42,484.88,420.64,0.23,3248342,2021-09-10,Medium,28,31,Ranchi,3.6,Survival,Male
waltonkaren@gmail.com,"355 Villegas Isle Apt. 070West Jenniferview, NM 26775-4339",Green,10.89,35.57,6.12,669.99,946.21,0.12,4088742,2022-03-31,Medium,8,20,Howrah,4.8,Free to Play,Female
contrerastiffany@gmail.com,"439 Todd Summit Apt. 478Mooreland, AR 31655",CadetBlue,12.91,36.05,3.49,547.71,538.38,0.23,5119837,2023-07-20,Medium,25,23,Coimbatore,4,Battle Royale,Male
rogerstiffany@wilson-horne.com,"30700 Justin PortsPort David, PA 52171-5921",DarkOliveGreen,11.57,38.92,4.08,537.83,438.22,0.12,6438742,2021-07-31,Regular,39,32,Jabalpur,4.5,Building & Automation,Female
waltercharles@sanders.net,"291 Stephen Glens Apt. 532Jacquelineton, NJ 53606-5656",IndianRed,11.97,37.2,2.83,408.22,355.99,0.23,7438742,2022-05-14,Medium,22,35,Gwalior,4.2,Third-Person Shooter,Male
john96@chan-anderson.biz,"04290 Barron SquareLaurenmouth, AS 79917-9544",Snow,13.08,37.33,5.41,663.07,902.84,0.12,8478342,2021-12-21,Medium,6,19,Vijayawada,3.9,First-Person Shooter,Male
bushsharon@barber.com,"0013 Andre FieldWhitebury, AZ 68447-6306",DarkSeaGreen,11.96,36.52,3.45,506.38,608.69,0.23,9288742,2022-11-03,Free Trial,26,18,Jodhpur,4.6,Strategy,Female
nicolegay@jennings.com,"50718 Timothy LightGarciaport, SC 60266-6696",BlueViolet,13.25,37.31,2.94,528.42,456.76,0.12,1148794,2023-04-17,Medium,27,22,Madurai,3.7,Puzzle,Male
rchambers@hotmail.com,"53964 Weaver Brook Suite 861Stevensonshire, NY 18128",OliveDrab,13.09,38.32,4.75,632.12,289.44,0.23,1248743,2021-10-30,Regular,1,27,Raipur,4.9,Story-Rich,Female
gomezalicia@hotmail.com,"506 Allison Cove Apt. 766Weeksstad, AS 71308",MediumSpringGreen,12.53,36.69,3.53,488.27,959.83,0.12,1478743,2022-07-07,Free Trial,15,28,Kota,3.5,Singleplayer,Male
potterkenneth@strickland.com,"2559 Harris Pines Apt. 514Michaelshire, ME 21753-8834",MediumSlateBlue,11.24,37.05,3.9,508.74,557.29,0.23,3378942,2021-08-14,Regular,16,25,Guwahati,4.4,Multiplayer Horror,Male
charlesjackson@brady-fuller.net,"3802 Veronica CausewayEast Patrickfurt, DC 84522",GhostWhite,12.07,35.57,2.4,411.19,424.88,0.12,4189842,2022-02-26,Medium,29,17,Chandigarh,4.7,Mystery & Detective,Female
jacquelinewest@pace-herrera.com,"592 Villanueva VillageWoodsstad, AK 20530",Purple,12.05,38.51,2.85,409.09,249.84,0.23,5208742,2023-06-19,Regular,20,24,Solapur,3.8,Open World,Male
stevenjohnson@yahoo.com,"PSC 4427, Box 6116APO AP 87584-5187",SandyBrown,11.23,37,3.78,467.8,763.13,0.12,6568742,2021-11-29,Medium,37,21,Hubballi-Dharwad,4.1,Sci-Fi & Cyberpunk,Female
johnsonchelsea@gmail.com,"19270 Velasquez CovesBoylechester, AZ 51480",LightCyan,11.91,35.19,4.35,512.17,541.29,0.23,7538742,2022-09-23,Free Trial,38,30,Bareilly,4.3,Space,Female
jenniferjenkins@jones.com,USNS JacobsFPO AE 71507-1312,LightSalmon,13.05,38.78,4.57,608.27,380.47,0.12,8548742,2023-03-17,Medium,17,33,Moradabad,3.6,Survival,Female
ebutler@rogers-gonzalez.com,"001 Estrada UnionLewismouth, TN 47360",Chartreuse,13,36.99,4.62,589.03,709.55,0.23,9438742,2021-06-23,Medium,44,34,Mysuru,2,Free to Play,Male
ellenlucas@cox.org,"86268 Davis CornerNorth Danielview, CT 59551-9382",DarkGoldenRod,11.52,35.94,3.01,444.05,222.88,0.12,1158794,2022-01-10,Medium,45,29,Gurgaon,4,Battle Royale,Female
elizabethnunez@vasquez-nelson.net,"209 Andrew ViaductPort Anna, OR 01627-8037",Cornsilk,10.31,36.73,4.79,493.18,991.92,0.23,1268743,2023-07-28,Regular,34,16,Aligarh,4.5,Building & Automation,Male
ramirezjacob@turner.com,"19704 Kaitlin FlatWest Andrewtown, VI 38642",Magenta,12.43,37.63,4.33,532.72,554.76,0.12,1528743,2021-09-02,Regular,19,31,Jalandhar,4.2,Third-Person Shooter,Female
brian51@cook.info,"0508 Terrance CliffRebekahtown, NC 48724-8308",SaddleBrown,10.75,38.79,1.43,275.92,324.88,0.23,3489842,2022-04-11,Medium,32,20,Tiruchirappalli,3.9,First-Person Shooter,Male
victoriajohnson@gmail.com,"2082 Christopher Place Apt. 081Cynthiahaven, HI 99393-8910",DarkViolet,11.02,37.64,4.14,511.04,882.92,0.12,4288742,2021-12-08,Medium,47,19,Bhubaneswar,4.6,Strategy,Male
lawrencewalton@hotmail.com,"584 Patterson FallsWest Alicia, DE 45751",Chocolate,12.22,36.95,2.91,438.42,518.91,0.23,5348742,2022-10-29,Free Trial,9,32,Salem,3.7,Puzzle,Female
ashleymoreno@gmail.com,"11430 Meza Green Suite 037Martinezborough, FL 40624-8726",DarkViolet,12.33,37.07,3.98,475.73,396.11,0.12,6698742,2023-05-12,Regular,30,26,Warangal,4.9,Story-Rich,Male
wesleyvance@moore.com,"210 Johnson Street Suite 717New Bethanyborough, MO 84817",Magenta,10.81,36.01,3.7,483.54,365.22,0.23,7638742,2021-08-03,Medium,36,23,Guntur,3.5,Singleplayer,Female
edwardbrown@yahoo.com,"2971 Angela IslandLake Timothychester, NE 48734-6685",HotPink,12.14,37.14,5.84,663.8,936.67,0.12,8618742,2022-12-31,Medium,5,18,Bhiwandi,4.4,Multiplayer Horror,Male
youngellen@hotmail.com,"994 Joel Highway Suite 216New Jessicafort, UT 14179",DodgerBlue,12.94,36.73,4.56,544.41,672.89,0.23,9588742,2023-02-06,Medium,13,35,Saharanpur,4.7,Mystery & Detective,Male
robin80@yahoo.com,"928 Bailey RoadEast Mary, DE 11678-5634",Turquoise,13.3,36.39,4.49,630.16,371.29,0.12,1168794,2021-10-07,Free Trial,42,27,Gorakhpur,3.8,Open World,Female
dana59@hotmail.com,"31927 Jill MountainSouth Jessica, MN 63418",Blue,10.4,36.68,3.86,461.11,724.88,0.23,1288743,2022-07-25,Medium,18,24,Bikaner,4.1,Sci-Fi & Cyberpunk,Male
bwilliams@hotmail.com,"1549 Walker Passage Apt. 463West Calvin, AZ 03144",PaleVioletRed,11.89,37.86,3.05,491.91,233.12,0.12,1558743,2021-06-05,Medium,3,21,Amravati,4.3,Space,Female
whitetyler@anderson-avery.com,"4547 Stafford Throughway Apt. 178North Patrick, MD 60768-4837",MidnightBlue,11.59,36.46,4.65,574.42,949.63,0.23,3578942,2022-02-18,Medium,24,28,Noida,3.6,Survival,Female
rwilliams@trujillo.biz,"54560 Thompson Creek Apt. 029New Brianville, FL 84430-8588",BlanchedAlmond,13.27,37.24,4.02,530.77,577.29,0.12,4388742,2023-06-29,Regular,40,33,Jamshedpur,4.8,Free to Play,Female
randall85@williams.com,"5086 Morales Islands Apt. 099New Patricia, IL 78823",Black,12.99,39.67,3.97,581.8,327.88,0.23,5458742,2021-11-15,Medium,23,25,Bhilai,4,Battle Royale,Male
kevin45@mathews.net,"02393 Baker FallsNew Georgeport, ND 36338-5110",DodgerBlue,14.04,37.02,3.74,556.3,792.39,0.12,6798742,2022-09-05,Medium,2,22,Cuttack,4.5,Building & Automation,Female
deborah48@white.com,"1693 Gary Mission Suite 479Lake Kelly, MO 68205",DarkGreen,11.91,38.42,3.38,502.13,589.87,0.23,7738742,2023-04-10,Medium,10,17,Firozabad,4.2,Third-Person Shooter,Male
hoganrichard@george.com,"4929 Michelle GroveLake Alexis, MT 92147-1660",BlanchedAlmond,11.14,38.4,4.6,556.19,437.27,0.12,8688742,2021-07-18,Medium,35,34,Kochi,3.9,First-Person Shooter,Female
kelly24@lewis.info,"983 Ross GlenWest Jessica, NJ 42860-5757",Bisque,12.9,36.61,2.22,475.07,339.88,0.23,9738742,2022-03-11,Medium,46,30,Nellore,4.6,Strategy,Male
katherinegray@yahoo.com,"685 Sexton Ranch Suite 125Lake Robertshire, NE 04469-3024",Cyan,12.39,35.63,4.29,486.95,941.22,0.12,1178794,2023-08-22,Medium,48,19,Bhavnagar,3.7,Puzzle,Male
efoster@williamson-boyd.org,"4968 Bennett ManorsRogerschester, IL 81579-8333",Lavender,11.82,36.31,2.12,434.14,675.29,0.23,1328743,2021-09-16,Medium,14,16,Dehradun,4.9,Story-Rich,Female
jordandavid@gmail.com,"61502 Parker Vista Apt. 363Jonesshire, GU 33532",Violet,10.99,36.35,0.94,304.14,384.12,0.12,1628743,2022-05-03,Regular,50,31,Durgapur,3.8,Singleplayer,Male
sanchezamber@scott-patterson.com,"257 Hunt ManorsSouth Charlottefort, CT 15033",Fuchsia,14.13,37.02,3.76,571.22,714.88,0.23,3689842,2021-12-28,Medium,41,29,Asansol,4.1,Multiplayer Horror,Female
tinayoung@hotmail.com,"83995 Owens Course Apt. 747South Jennifer, NJ 29942",MistyRose,11.91,36.09,4,583.08,288.83,0.12,4488742,2022-11-16,Free Trial,28,32,Rourkela,4.3,Mystery & Detective,Male
alicia28@fuller.com,"8055 Robinson Brooks Apt. 657Walterview, KY 83019",CadetBlue,11.48,39.24,3.53,445.75,938.17,0.23,5578742,2023-01-31,Medium,49,20,Nanded,3.6,Open World,Male
rileyalejandro@gmail.com,Unit 1475 Box 4215DPO AE 39546-5591,LightSteelBlue,10.05,37.18,3.54,392.99,538.29,0.12,6898742,2021-10-21,Regular,7,26,Kolhapur,4.8,Sci-Fi & Cyberpunk,Female
oliviamarshall@sawyer-sellers.com,Unit 5934 Box 9748DPO AA 37361-3043,Brown,12.43,37.31,4.16,565.99,356.91,0.23,7848742,2022-08-15,Free Trial,4,18,Ajmer,4,Space,Male
hortonrobert@hotmail.com,"31309 Stacey Keys Apt. 979South Jason, KS 35357",Salmon,11.97,36.83,3.55,499.14,765.23,0.12,8798742,2021-06-29,Medium,1,27,Akola,4.5,Survival,Female
montgomerycheyenne@hotmail.com,"1812 Sandra Shoal Apt. 350Amandamouth, SC 87794-1628",FireBrick,11.12,36.98,4.13,510.54,512.29,0.23,9888742,2022-01-16,Medium,11,23,Gulbarga,4.2,Free to Play,Female
martinkristi@sanchez-coleman.com,"PSC 1893, Box 7023APO AA 73445",Lime,8.67,35.91,2.25,308.53,408.88,0.12,1188794,2023-07-07,Medium,12,24,Jamnagar,3.9,Battle Royale,Female
jefferycampbell@gmail.com,"381 Ashley Locks Suite 366North Migueltown, TX 09795-0494",GreenYellow,12.5,37.65,4.05,561.52,397.19,0.23,1368743,2021-08-09,Free Trial,21,21,Ujjain,4.6,Building & Automation,Male
webertom@phelps.com,"189 Crawford Hill Apt. 746New Madison, WV 14108-4333",DarkOrchid,12.13,35.46,3.07,423.47,932.83,0.12,1678743,2022-04-03,Medium,33,22,Loni,3.7,Third-Person Shooter,Female
aschmidt@johnson.biz,Unit 1743 Box 8085DPO AE 47693-8164,Blue,11.73,35.63,4.33,513.15,668.38,0.23,3778742,2021-11-01,Medium,37,28,Siliguri,4.9,First-Person Shooter,Male
lisadelgado@gmail.com,"57993 Jennifer Unions Suite 685Emilyville, OK 53366-2375",Olive,11.95,36.49,3.94,529.19,393.76,0.12,4598742,2022-10-12,Medium,27,33,Jhansi,3.5,Strategy,Female
sharongraves@yahoo.com,"73098 Ronald PortCliffordborough, MO 37479-9244",Wheat,12.56,37.81,0.27,314.44,722.45,0.23,5658742,2023-05-05,Free Trial,26,34,Ulhasnagar,4.4,Puzzle,Male
flevine@gmail.com,"5292 Melanie Crescent Apt. 064Fischerborough, NV 85721-5045",AliceBlue,12.48,37.68,3.28,478.58,245.68,0.12,6998742,2021-07-09,Regular,38,25,Nizamabad,4.7,Story-Rich,Male
rskinner@johnson-jefferson.com,"24725 Neal LockCynthiaville, NY 51578",OliveDrab,12.59,37.68,2.57,444.58,976.43,0.23,7948742,2022-02-06,Regular,16,17,Belagavi,3.8,Singleplayer,Female
kiarakim@harris.org,"1502 Gonzalez ThroughwayKathrynchester, FM 86014-7194",Linen,10.95,37.65,3.83,475.02,554.29,0.12,8848742,2023-06-15,Medium,15,35,Mangaluru,4.1,Multiplayer Horror,Male
rachelrodriguez@lara-waters.com,"35466 Tommy StreamPort Daniellemouth, KS 68863-6330",LightSlateGray,11.48,36.84,2.4,436.72,345.88,0.23,9998742,2021-09-06,Medium,0,19,Ambattur,4.3,Mystery & Detective,Female
dbrown@gmail.com,"76666 Kathy LocksPort Susan, ME 64335",Indigo,11.12,36.81,4.03,521.2,870.92,0.12,1198794,2022-03-20,Medium,6,20,Tirunelveli,3.6,Open World,Male
mary45@gmail.com,"33213 Tanner Knolls Apt. 519Whiteborough, OR 37119-7790",Lime,10.97,37.72,3.63,478.18,514.77,0.23,1428743,2023-08-05,Free Trial,47,16,Malegaon,4.8,Sci-Fi & Cyberpunk,Male
marcusleach@floyd.org,Unit 3998 Box 4348DPO AA 37629,SteelBlue,11.59,36.32,3.19,432.48,421.76,0.12,1738743,2022-12-15,Medium,9,31,Gaya,4,Space,Female
lmunoz@yahoo.com,"2100 Austin Camp Apt. 943Anthonymouth, WV 24243-3781",Olive,10.71,35.77,3.39,438.3,362.88,0.23,3868742,2021-10-17,Free Trial,25,26,Jalgaon,4.5,Survival,Male
dvasquez@wiley.com,"967 Chloe Springs Suite 554Lake Ashley, GA 03230",HoneyDew,11.08,34.78,2.57,388.94,927.82,0.12,4788742,2022-07-31,Medium,31,29,Udaipur,4.2,Free to Play,Female
dylanmartin@hotmail.com,"42644 Helen Keys Apt. 103Jessicahaven, KS 89406-1960",MidnightBlue,12.95,37.03,3.47,534.77,670.29,0.23,5788742,2021-06-19,Medium,19,21,Maheshtala,3.9,Battle Royale,Female
xkaufman@gmail.com,"02342 Melissa IslandsSmithhaven, KS 68335",DarkViolet,10.57,36.86,4.2,537.92,399.61,0.12,7098742,2022-02-01,Medium,22,18,Tirupur,4.6,Building & Automation,Female
jasonhensley@yahoo.com,"97262 Brian SkywayLake Marissa, GU 96859",Sienna,11.66,37.43,2.09,407.88,730.17,0.23,8048742,2023-06-22,Free Trial,30,22,Davanagere,3.7,Third-Person Shooter,Male
gstrong@hotmail.com,"7875 Landry Road Apt. 947Brownshire, NC 10074-7735",Pink,13.59,36.84,3.61,618.85,254.29,0.12,8918742,2021-11-10,Free Trial,18,27,Kozhikode,4.9,First-Person Shooter,Female
arnoldsamuel@wilson.com,"949 Tapia ViaductMartinezfurt, CT 79271-8205",LightSkyBlue,11.37,35.26,4.03,502.77,965.13,0.23,1008894,2022-09-01,Regular,8,28,Akbarpur,3.5,Strategy,Male
scottrose@yahoo.com,"50639 Sarah Isle Apt. 268Yangmouth, MO 05540",SaddleBrown,11.23,37.21,2.32,397.42,557.88,0.12,1208894,2023-04-26,Regular,17,25,Kurnool,4.4,Puzzle,Female
salazarkaren@hotmail.com,"51173 Burton Wall Apt. 417Prestonville, NY 37002",SteelBlue,10.29,36.93,3.49,392.29,317.14,0.23,1518894,2021-08-24,Medium,43,24,Rajpur Sonarpur,4.7,Story-Rich,Male
susanibarra@yahoo.com,"426 Scott Radial Apt. 065Abigailstad, MS 16590-2222",Thistle,14.12,38.41,5.32,689.24,778.84,0.12,3988742,2022-04-07,Free Trial,5,23,Rajahmundry,3.8,Singleplayer,Male
nhenry@hotmail.com,"3874 Harper PlazaNorth Nancy, ME 96802-9462",BlanchedAlmond,12.42,37.67,3.13,543.13,595.29,0.23,4888742,2021-12-18,Medium,34,33,Bokaro Steel City,4.1,Multiplayer Horror,Female
millerrachel@gallagher-nichols.com,Unit 4742 Box 9517DPO AE 67219-3123,Turquoise,10.77,34.65,4.99,577.74,402.88,0.12,5878742,2022-10-05,Medium,36,17,South Dumdum,4.3,Mystery & Detective,Male
garciakevin@gmail.com,"845 Colleen WaysLake Matthewview, VT 65340-3159",Orange,12.66,36.37,1.73,436.58,378.72,0.23,7198742,2023-05-18,Regular,14,30,Bellary,3.6,Open World,Female
philliproberson@yahoo.com,Unit 0373 Box 8981DPO AA 89902,Beige,12.67,37.49,3.7,553.99,929.17,0.12,8098742,2021-07-14,Medium,32,32,Patiala,4.8,Sci-Fi & Cyberpunk,Male
kstafford@estes-nguyen.com,"PSC 4856, Box 1297APO AA 17032-7944",YellowGreen,13.97,36.67,1.79,427.36,669.38,0.23,8958742,2022-01-21,Medium,20,34,Gopalpur,4,Space,Male
kennethperry@bowen.org,"272 Frederick LodgeEast Andrew, FL 07414",SlateGray,11.51,36.6,3.02,424.73,365.27,0.12,1018894,2023-07-12,Regular,41,35,Agartala,4.5,Survival,Female
prussell@lopez.com,"9985 Wolf PassBrandimouth, CA 63346",Bisque,11.41,36.38,4.04,541.05,722.88,0.23,1218894,2021-09-13,Medium,2,19,Bhagalpur,4.2,Free to Play,Male
mosleyjacob@yahoo.com,"PSC 1790, Box 8872APO AE 01821-4769",Orange,12.26,38.86,3.14,469.38,238.29,0.12,1588894,2022-03-06,Medium,3,31,Muzaffarnagar,3.9,Battle Royale,Female
rhaas@yahoo.com,"4502 Jennifer Prairie Suite 029Lake Jesse, LA 02328-3633",DimGray,12.71,36.17,2.56,444.55,945.83,0.23,4098742,2023-08-28,Free Trial,13,16,Bhatpara,4.6,Building & Automation,Female
antonioharris@hotmail.com,"4307 Nicholas Drive Apt. 259Ramirezberg, AS 59832",MediumBlue,13.47,37.07,2.38,492.56,568.77,0.12,4988742,2022-12-05,Regular,24,27,Panihati,3.7,Third-Person Shooter,Female
austinthomas@gmail.com,"5855 Gross Burgs Suite 169Ballland, AS 98525",AntiqueWhite,11.19,36.3,4.3,535.32,332.69,0.23,5988742,2021-10-03,Medium,44,20,Latur,4.9,First-Person Shooter,Male
bethsullivan@reed.net,"80500 Mary Corners Apt. 225Wallsville, ME 80526",Beige,11.25,38.68,2.09,408.96,823.93,0.12,7298742,2022-07-19,Regular,39,25,Varanasi,3.5,Strategy,Female
ncummings@yahoo.com,"344 Jessica StravenueNew Brian, MA 04730-6761",Beige,12.36,36.17,4.09,487.56,551.88,0.23,8188742,2021-06-27,Regular,23,22,Srinagar,4.4,Puzzle,Male
hking@hotmail.com,"85181 Christian Courts Suite 758Larryfurt, MS 38722-6766",PeachPuff,11.76,36.88,3.52,487.65,412.49,0.12,9098742,2022-02-10,Medium,45,29,Aurangabad,3,Story-Rich,Female
annstone@hotmail.com,"543 Reynolds BurgMelindaberg, KY 46631",LightPink,11.76,38.13,1.82,402.17,352.12,0.23,1028894,2023-06-08,Free Trial,10,18,Dhanbad,3.8,Singleplayer,Male
christopher44@hotmail.com,"549 Anna AvenuePort Laura, CA 76209-9339",WhiteSmoke,11.55,35.77,4.18,551.02,915.76,0.12,1228894,2021-11-25,Medium,42,21,Amritsar,4.1,Multiplayer Horror,Male
autumn88@mendoza-mills.com,"214 Obrien Lakes Suite 572South Jeremy, KS 52867-7617",MediumOrchid,12.48,35.54,3.39,497.39,663.29,0.23,1628894,2022-09-15,Medium,1,26,Navi Mumbai,4.3,Mystery & Detective,Female
dhudson@ramos.net,"5661 Grant CentersStevensfurt, CT 53959",Olive,11.73,36.07,4.43,494.64,393.41,0.12,4198742,2023-04-02,Medium,35,23,Allahabad,3.6,Open World,Male
egomez@hotmail.com,"768 Riley Pine Apt. 624Kellymouth, OK 98992-3108",MistyRose,12.21,37.2,2.91,479.25,715.56,0.23,5088742,2021-08-18,Regular,48,28,Ranchi,4.8,Sci-Fi & Cyberpunk,Female
kimberlyruiz@smith-gordon.com,"503 Adams Pines Apt. 638North Ashleyside, AZ 34687-6128",DarkRed,11.9,36.87,2.78,462.66,226.83,0.12,6098742,2022-03-21,Medium,50,33,Howrah,4,Space,Male
mooremichelle@logan.com,"07813 Randy PointLake Thomasberg, MO 06013-9920",Pink,12.22,36.36,3.45,515.5,934.17,0.23,7398742,2021-12-15,Free Trial,46,32,Coimbatore,4.5,Survival,Male
aaron22@gmail.com,"38678 Sean Drive Suite 293Karentown, IA 78306-2717",DarkGray,12.01,36.53,4.71,576.48,547.76,0.12,8298742,2022-10-26,Medium,4,17,Jabalpur,4.2,Free to Play,Female
michelleshepherd@price.com,"6820 Erica Vista Apt. 418Brightside, IA 50639",Orchid,11.91,36.06,1.23,357.86,324.88,0.23,9198742,2023-05-09,Medium,12,24,Gwalior,3.9,Battle Royale,Male
zscott@wright.com,"9909 Hoffman Ranch Suite 195Scotthaven, SC 53575",PeachPuff,12.13,38.19,4.02,597.74,769.92,0.12,1038894,2021-07-05,Free Trial,7,30,Vijayawada,4.6,Building & Automation,Female
tracy79@wheeler.net,"513 Moore Crescent Apt. 416Amandaberg, GU 03655-2219",Magenta,11.31,37.13,1.71,327.38,565.29,0.23,1238894,2022-01-12,Medium,28,34,Jodhpur,3.7,Third-Person Shooter,
brian28@sanchez.org,"7446 Mary FerryLake Sherryfurt, GA 49066-0207",GhostWhite,11.61,37.68,3.16,510.4,391.99,0.12,1668894,2023-07-01,Regular,29,19,Madurai,4.9,First-Person Shooter,Male
leonardhancock@hotmail.com,"64147 Alexander Station Apt. 474East Jasonview, MN 83788",SeaShell,11.69,36.81,3.45,510.5,351.88,0.23,4288742,2021-09-01,Medium,27,35,Raipur,3.5,Strategy,Female
davidsonkathleen@gmail.com,"70128 Zimmerman OverpassRobertsshire, VA 59860",DarkBlue,11.2,37.84,2.21,403.82,938.12,0.12,5188742,2022-03-14,Medium,31,31,Kota,4.4,Puzzle,Male
nathan84@lowery.net,"01242 Stephanie Ways Suite 003Churchville, MO 35617",MediumSeaGreen,12.63,35.54,5.41,627.6,655.29,0.23,6188742,2023-08-16,Medium,26,20,Guwahati,4.7,Story-Rich,Female
kellydeborah@chan.biz,"354 Sanchez Wall Suite 884Juliabury, VI 39735",DarkTurquoise,13.35,37.97,2.77,510.66,381.43,0.12,7498742,2022-11-22,Regular,30,18,Chandigarh,3.8,Singleplayer,Male
lewisjessica@craig-evans.com,"4483 Jones Motorway Suite 872Lake Jamiefurt, UT 75292",Tan,13.57,36.42,3.75,573.85,728.64,0.23,8388742,2021-10-10,Medium,21,64,Solapur,4.1,Multiplayer Horror,Male
katrina56@gmail.com,"172 Owen Divide Suite 497West Richard, CA 19320",PaleVioletRed,11.7,37.19,3.58,529.05,219.11,0.12,9298742,2022-07-03,Free Trial,49,71,Hubballi-Dharwad,4.3,Mystery & Detective,Female
dale88@hotmail.com,"0787 Andrews Ranch Apt. 633South Chadburgh, TN 56128",Cornsilk,11.5,38.33,4.96,551.62,955.13,50,1048894,2021-06-15,Medium,33,41,Bareilly,3.6,Open World,Male
cwilson@hotmail.com,"680 Jennifer Lodge Apt. 808Brendachester, TX 05000-5873",Teal,12.39,36.84,2.34,456.47,535.29,80,1248894,2022-01-29,Free Trial,22,30,Moradabad,4.8,Sci-Fi & Cyberpunk,Female
hannahwilson@davidson.com,"49791 Rachel Heights Apt. 898East Drewborough, OR 55919-9528",DarkMagenta,12.42,35.77,2.74,497.78,316.88,78,1708894,2023-06-01,Regular,1,24,Mysuru,4,Space,Female